record_kind	id	canonical_fixture	corpus	mode	profile	alias_of	observation_state	current_acceptance	observed_route	nested_bypass	source_surface	disposition	target_owner	decision	parity_gate	retention_row	symbol	current_role	production_callers	test_callers	first_effect	cutover_action	retire_row	replacement_owner
# P0 inventory rows keep disposition fields frozen; D0-DISPOSITION-CHECKED rows record the classified authority. '-' is the non-applicable sentinel.
case	selfhost_parse_string2_return_prelude_call_min	apps/tests/phase29bq_selfhost_blocker_parse_string2_return_prelude_call_min.hako	selfhost	fast-gate	expected=MISS;allowed_rc=0;planner=[joinir/planner_first rule=LoopSimpleWhile] label=LoopSimpleWhile	-	failed-before-loop	rejected	`mir/main-import-view/selected-header-missing`	unknown	phase29bq_fast_gate_cases.tsv:4	nonproduction-future-evidence	mir/main-import-view	D0-PRE-LOOP-EVIDENCE	phase29bq_typed_terminal_source_backed_gate_mir	GENERIC-LEGACY-CORPUS-UNIVERSE-P0	-	-	-	-	-	-	-	-
case	selfhost_trim_generic_loop_min	apps/tests/phase29bq_selfhost_blocker_trim_generic_loop_min.hako	selfhost	fast-gate	expected=OK;allowed_rc=0;planner=[joinir/planner_first rule=LoopSimpleWhile] label=LoopSimpleWhile	-	rejected	rejected	`qualified-preflight actual=Loop` site=Body(3)	unknown	phase29bq_fast_gate_cases.tsv:5	accepted-typed-reject	qualified-preflight	D0-TYPED-REJECT	phase29bq_typed_terminal_source_backed_gate_mir	GENERIC-LEGACY-CORPUS-UNIVERSE-P0	-	-	-	-	-	-	-	-
case	loop_simple_while_inline_explicit_step_min	apps/tests/loop_simple_while_inline_explicit_step_min.hako	phase29bq	fast-gate	expected=6;allowed_rc=0;planner=[joinir/planner_first rule=LoopSimpleWhile] label=LoopSimpleWhile	-	accepted	accepted	callable-loop	unknown	phase29bq_fast_gate_cases.tsv:6	portable-owner	callable-loop	D0-DISPOSITION-CHECKED	phase29bq_portable_owner_source_backed_gate_mir	GENERIC-LEGACY-CORPUS-UNIVERSE-P0	-	-	-	-	-	-	-	-
case	joinir_port04_phi_exit_invariant_min	apps/tests/phase29bq_joinir_port04_phi_exit_invariant_min.hako	phase29bq	fast-gate	expected=__EMPTY__;allowed_rc=4;planner=[joinir/planner_first rule=LoopSimpleWhile] label=LoopSimpleWhile	-	rejected	rejected	`route-not-front-selected GenericLoopV1NotSelected` site=Body(1)	unknown	phase29bq_fast_gate_cases.tsv:7	accepted-typed-reject	callable-loop	D0-TYPED-REJECT	phase29bq_typed_terminal_source_backed_gate_mir	GENERIC-LEGACY-CORPUS-UNIVERSE-P0	-	-	-	-	-	-	-	-
case	selfhost_rewriteknown_trim_loop_cond_and_methodcall_min	apps/tests/phase29bq_selfhost_blocker_rewriteknown_trim_loop_cond_and_methodcall_min.hako	selfhost	fast-gate	expected=ab;allowed_rc=0;planner=[joinir/planner_first rule=LoopSimpleWhile] label=LoopSimpleWhile	-	failed-before-loop	rejected	`mir/main-import-view/selected-header-missing`	unknown	phase29bq_fast_gate_cases.tsv:8	nonproduction-future-evidence	mir/main-import-view	D0-PRE-LOOP-EVIDENCE	phase29bq_typed_terminal_source_backed_gate_mir	GENERIC-LEGACY-CORPUS-UNIVERSE-P0	-	-	-	-	-	-	-	-
case	selfhost_find_matching_brace_return_continue_min	apps/tests/phase29bq_selfhost_blocker_find_matching_brace_return_continue_min.hako	selfhost	fast-gate	expected=OK;allowed_rc=0;planner=[flowbox/adopt box_kind=Loop features=return,break,continue via=shadow]	-	failed-before-loop	rejected	`qualified-preflight actual=Print` site=Body(4)	unknown	phase29bq_fast_gate_cases.tsv:9	nonproduction-future-evidence	qualified-preflight	D0-PRE-LOOP-EVIDENCE	phase29bq_typed_terminal_source_backed_gate_mir	GENERIC-LEGACY-CORPUS-UNIVERSE-P0	-	-	-	-	-	-	-	-
case	selfhost_scan_methods_program_block_min	apps/tests/phase29bq_selfhost_blocker_scan_methods_program_block_min.hako	selfhost	fast-gate	expected=OK;allowed_rc=0;planner=[flowbox/adopt box_kind=Loop features=break,continue,nested_loop via=shadow]	-	rejected	rejected	`semantic-package LoopBreakSource Composite(ForestLookup)`	unknown	phase29bq_fast_gate_cases.tsv:10	accepted-typed-reject	semantic-package	D0-TYPED-REJECT	phase29bq_typed_terminal_source_backed_gate_mir	GENERIC-LEGACY-CORPUS-UNIVERSE-P0	-	-	-	-	-	-	-	-
case	selfhost_scan_methods_loop_block_min	apps/tests/phase29bq_selfhost_blocker_scan_methods_loop_block_min.hako	selfhost	fast-gate	expected=0;allowed_rc=0;planner=[flowbox/adopt box_kind=Loop features=nested_loop via=shadow]	-	rejected	rejected	"`semantic-package ResolverDeferred(UnresolvedName ""j"")` in LoopBody IfElse"	unknown	phase29bq_fast_gate_cases.tsv:11	accepted-typed-reject	semantic-package	D0-TYPED-REJECT	phase29bq_typed_terminal_source_backed_gate_mir	GENERIC-LEGACY-CORPUS-UNIVERSE-P0	-	-	-	-	-	-	-	-
case	selfhost_scan_methods_program_stmt_with_loop_min	apps/tests/phase29bq_selfhost_blocker_scan_methods_program_stmt_with_loop_min.hako	selfhost	fast-gate	expected=0;allowed_rc=0;planner=[flowbox/adopt box_kind=Loop features=break,nested_loop via=shadow]	-	rejected	rejected	`semantic-package LoopBreakSource Composite(ForestLookup)`	unknown	phase29bq_fast_gate_cases.tsv:12	accepted-typed-reject	semantic-package	D0-TYPED-REJECT	phase29bq_typed_terminal_source_backed_gate_mir	GENERIC-LEGACY-CORPUS-UNIVERSE-P0	-	-	-	-	-	-	-	-
case	selfhost_scan_methods_program_stmt_with_loop_methodcall_min	apps/tests/phase29bq_selfhost_blocker_scan_methods_program_stmt_with_loop_methodcall_min.hako	selfhost	fast-gate	expected=2;allowed_rc=0;planner=[flowbox/adopt box_kind=Loop features=break,nested_loop via=shadow]	-	rejected	rejected	`semantic-package LoopBreakSource Composite(ForestLookup)`	unknown	phase29bq_fast_gate_cases.tsv:13	accepted-typed-reject	semantic-package	D0-TYPED-REJECT	phase29bq_typed_terminal_source_backed_gate_mir	GENERIC-LEGACY-CORPUS-UNIVERSE-P0	-	-	-	-	-	-	-	-
case	loop_cond_break_continue_nested_loop_depth1_min	apps/tests/phase29bq_loop_cond_break_continue_nested_loop_depth1_min.hako	phase29bq	fast-gate	expected=2;allowed_rc=0;planner=[flowbox/adopt box_kind=Loop features=break,nested_loop via=shadow]	-	rejected	rejected	`callable-loop-handoff/nested-loop-profile-not-admitted`	unknown	phase29bq_fast_gate_cases.tsv:14	accepted-typed-reject	callable-loop-handoff	D0-TYPED-REJECT	phase29bq_typed_terminal_source_backed_gate_mir	GENERIC-LEGACY-CORPUS-UNIVERSE-P0	-	-	-	-	-	-	-	-
case	loop_cond_break_continue_empty_then_min	apps/tests/phase29bq_loop_cond_break_continue_empty_then_min.hako	phase29bq	fast-gate	expected=0;allowed_rc=0;planner=[flowbox/adopt box_kind=Loop features=break via=shadow]	-	rejected	rejected	`callable-loop/recipe source-unsupported-body-statement`	unknown	phase29bq_fast_gate_cases.tsv:15	accepted-typed-reject	callable-loop	D0-TYPED-REJECT	phase29bq_typed_terminal_source_backed_gate_mir	GENERIC-LEGACY-CORPUS-UNIVERSE-P0	-	-	-	-	-	-	-	-
case	loop_cond_break_continue_scopebox_min	apps/tests/phase29bq_loop_cond_break_continue_scopebox_min.hako	phase29bq	fast-gate	expected=5;allowed_rc=0;planner=[flowbox/adopt box_kind=Loop features=break via=shadow]	-	rejected	rejected	`route-not-front-selected CarrierRelation(TargetCoverage)` site=Body(3)	unknown	phase29bq_fast_gate_cases.tsv:16	accepted-typed-reject	callable-loop	D0-TYPED-REJECT	phase29bq_typed_terminal_source_backed_gate_mir	GENERIC-LEGACY-CORPUS-UNIVERSE-P0	-	-	-	-	-	-	-	-
case	selfhost_scan_methods_nested_loop_depth1_methodcall_min	apps/tests/phase29bq_selfhost_blocker_scan_methods_nested_loop_depth1_methodcall_min.hako	selfhost	fast-gate	expected=0;allowed_rc=0;planner=[flowbox/adopt box_kind=Loop features=break,nested_loop via=shadow]	-	failed-before-loop	rejected	`qualified-preflight actual=UnaryOp` site=Body(5)	unknown	phase29bq_fast_gate_cases.tsv:17	nonproduction-future-evidence	qualified-preflight	D0-PRE-LOOP-EVIDENCE	phase29bq_typed_terminal_source_backed_gate_mir	GENERIC-LEGACY-CORPUS-UNIVERSE-P0	-	-	-	-	-	-	-	-
case	loop_true	apps/tests/phase29bq_loop_true_multi_break_parserish_min.hako	phase29bq	fast-gate	expected=1;allowed_rc=0;planner=[flowbox/adopt box_kind=Loop features=break via=shadow]	-	rejected	rejected	`qualified-preflight statement_not_in_first_family actual=Loop` site=Body(3)	unknown	phase29bq_fast_gate_cases.tsv:18	accepted-typed-reject	qualified-preflight	D0-TYPED-REJECT	phase29bq_typed_terminal_source_backed_gate_mir	GENERIC-LEGACY-CORPUS-UNIVERSE-P0	-	-	-	-	-	-	-	-
case	selfhost_rewriteknown_try_apply_loop_true_tail_return_min	apps/tests/phase29bq_selfhost_blocker_rewriteknown_try_apply_loop_true_tail_return_min.hako	selfhost	fast-gate	expected=X;allowed_rc=0;planner=[flowbox/adopt box_kind=Loop features=return,continue via=shadow]	-	failed-before-loop	rejected	`mir/main-import-view/selected-header-missing`	unknown	phase29bq_fast_gate_cases.tsv:19	nonproduction-future-evidence	mir/main-import-view	D0-PRE-LOOP-EVIDENCE	phase29bq_typed_terminal_source_backed_gate_mir	GENERIC-LEGACY-CORPUS-UNIVERSE-P0	-	-	-	-	-	-	-	-
case	selfhost_rewriteknown_try_apply_loop_true_else_exit_min	apps/tests/phase29bq_selfhost_blocker_rewriteknown_try_apply_loop_true_else_exit_min.hako	selfhost	fast-gate	expected=XY;allowed_rc=0;planner=[flowbox/adopt box_kind=Loop features=return,continue via=shadow]	-	failed-before-loop	rejected	`mir/main-import-view/selected-header-missing`	unknown	phase29bq_fast_gate_cases.tsv:20	nonproduction-future-evidence	mir/main-import-view	D0-PRE-LOOP-EVIDENCE	phase29bq_typed_terminal_source_backed_gate_mir	GENERIC-LEGACY-CORPUS-UNIVERSE-P0	-	-	-	-	-	-	-	-
case	selfhost_rewriteknown_itoa_complex_step_min	apps/tests/phase29bq_selfhost_blocker_rewriteknown_itoa_complex_step_min.hako	selfhost	fast-gate	expected=12;allowed_rc=0;planner=[joinir/planner_first rule=LoopSimpleWhile] label=LoopSimpleWhile	-	rejected	rejected	"`semantic-package ResolverDeferred(UnsupportedExpression ""expression-if consumer"")` in LoopBody"	unknown	phase29bq_fast_gate_cases.tsv:21	accepted-typed-reject	semantic-package	D0-TYPED-REJECT	phase29bq_typed_terminal_source_backed_gate_mir	GENERIC-LEGACY-CORPUS-UNIVERSE-P0	-	-	-	-	-	-	-	-
case	cond_update	apps/tests/phase29bq_conditional_update_join_min.hako	phase29bq	fast-gate	expected=0;allowed_rc=0;planner=[joinir/planner_first rule=LoopCondBreak] label=LoopExitIfBreakContinue	-	failed-before-loop	rejected	`callable-semantic-lowering/entry-shape-mismatch`	unknown	phase29bq_fast_gate_cases.tsv:22	nonproduction-future-evidence	callable-semantic-lowering	D0-PRE-LOOP-EVIDENCE	phase29bq_typed_terminal_source_backed_gate_mir	GENERIC-LEGACY-CORPUS-UNIVERSE-P0	-	-	-	-	-	-	-	-
case	loop_cond	apps/tests/phase29bq_loop_cond_multi_exit_min.hako	phase29bq	fast-gate	expected=13;allowed_rc=0;planner=[flowbox/adopt box_kind=Loop features=break via=shadow]	-	rejected	rejected	`callable-loop/recipe source-unsupported-body-statement`	unknown	phase29bq_fast_gate_cases.tsv:23	accepted-typed-reject	callable-loop	D0-TYPED-REJECT	phase29bq_typed_terminal_source_backed_gate_mir	GENERIC-LEGACY-CORPUS-UNIVERSE-P0	-	-	-	-	-	-	-	-
case	loop_cond_continue_only	apps/tests/phase29bq_loop_cond_continue_only_no_else_min.hako	phase29bq	fast-gate	expected=3;allowed_rc=0;planner=[flowbox/adopt box_kind=Loop features=continue via=shadow]	-	rejected	rejected	`qualified-preflight actual=Loop` site=Body(5)	unknown	phase29bq_fast_gate_cases.tsv:24	accepted-typed-reject	qualified-preflight	D0-TYPED-REJECT	phase29bq_typed_terminal_source_backed_gate_mir	GENERIC-LEGACY-CORPUS-UNIVERSE-P0	-	-	-	-	-	-	-	-
case	loop_cond_continue_with_return_min	apps/tests/phase29bq_loop_cond_continue_with_return_min.hako	phase29bq	fast-gate	expected=__EMPTY__;allowed_rc=0;planner=[joinir/planner_first rule=LoopCondContinueWithReturn] label=LoopContinueWithReturn	-	rejected	rejected	`qualified-preflight actual=Loop` site=Body(5)	unknown	phase29bq_fast_gate_cases.tsv:25	accepted-typed-reject	qualified-preflight	D0-TYPED-REJECT	phase29bq_typed_terminal_source_backed_gate_mir	GENERIC-LEGACY-CORPUS-UNIVERSE-P0	-	-	-	-	-	-	-	-
case	loop_cond_continue_only_group_prelude	apps/tests/phase29bq_continue_if_group_prelude_min.hako	phase29bq	fast-gate	expected=__EMPTY__;allowed_rc=0;planner=[flowbox/adopt box_kind=Loop features=continue via=shadow]	-	rejected	rejected	`route-not-front-selected GenericLoopV1NotSelected` site=Body(2)	unknown	phase29bq_fast_gate_cases.tsv:26	accepted-typed-reject	callable-loop	D0-TYPED-REJECT	phase29bq_typed_terminal_source_backed_gate_mir	GENERIC-LEGACY-CORPUS-UNIVERSE-P0	-	-	-	-	-	-	-	-
case	loop_cond_continue_if_else	apps/tests/phase29bq_loop_cond_continue_if_else_fallthrough_min.hako	phase29bq	fast-gate	expected=a;allowed_rc=0;planner=[flowbox/adopt box_kind=Loop features=continue via=shadow]	-	rejected	rejected	`qualified-preflight actual=Loop` site=Body(4)	unknown	phase29bq_fast_gate_cases.tsv:27	accepted-typed-reject	qualified-preflight	D0-TYPED-REJECT	phase29bq_typed_terminal_source_backed_gate_mir	GENERIC-LEGACY-CORPUS-UNIVERSE-P0	-	-	-	-	-	-	-	-
case	step_tail_break	apps/tests/phase29bq_step_then_tail_break_min.hako	phase29bq	fast-gate	expected=1;allowed_rc=0;planner=[flowbox/adopt box_kind=Loop features=break via=shadow]	-	rejected	rejected	`route-not-front-selected CarrierRelation(MissingIncrement)` site=Body(2)	unknown	phase29bq_fast_gate_cases.tsv:28	accepted-typed-reject	callable-loop	D0-TYPED-REJECT	phase29bq_typed_terminal_source_backed_gate_mir	GENERIC-LEGACY-CORPUS-UNIVERSE-P0	-	-	-	-	-	-	-	-
case	general_if	apps/tests/phase29bq_generic_loop_v1_general_if_min.hako	generic-fixture	fast-gate	expected=4;allowed_rc=0;planner=[joinir/planner_first rule=LoopSimpleWhile] label=LoopSimpleWhile	-	rejected	rejected	`[callable-loop/route-not-front-selected] LoopCondRouteRejected(SourceItemsMissing)` site=Body(2	unknown	phase29bq_fast_gate_cases.tsv:29	accepted-typed-reject	callable-loop	D0-TYPED-REJECT	phase29bq_typed_terminal_source_backed_gate_mir	GENERIC-LEGACY-CORPUS-UNIVERSE-P0	-	-	-	-	-	-	-	-
case	nested_if_min	apps/tests/phase29bq_generic_loop_v1_nested_if_min.hako	generic-fixture	fast-gate	expected=10;allowed_rc=0;planner=[joinir/planner_first rule=LoopCondBreak] label=LoopExitIfBreakContinue	-	rejected	rejected	same `route-not-front-selected` `SourceItemsMissing` site=Body(2)	unknown	phase29bq_fast_gate_cases.tsv:30	accepted-typed-reject	callable-loop	D0-TYPED-REJECT	phase29bq_typed_terminal_source_backed_gate_mir	GENERIC-LEGACY-CORPUS-UNIVERSE-P0	-	-	-	-	-	-	-	-
case	generic_loop_v1_recipe_nested_if_min	apps/tests/phase29bq_generic_loop_v1_recipe_nested_if_min.hako	generic-fixture	fast-gate	expected=0;allowed_rc=0;planner=[joinir/planner_first rule=LoopSimpleWhile] label=LoopSimpleWhile	-	failed-before-loop	rejected	`[mir/main-import-view/selected-header-missing]`	unknown	phase29bq_fast_gate_cases.tsv:31	nonproduction-future-evidence	mir/main-import-view	D0-PRE-LOOP-EVIDENCE	phase29bq_typed_terminal_source_backed_gate_mir	GENERIC-LEGACY-CORPUS-UNIVERSE-P0	-	-	-	-	-	-	-	-
case	generic_loop_v1_recipe_nested_if_loop_min	apps/tests/phase29bq_generic_loop_v1_recipe_nested_if_loop_min.hako	generic-fixture	fast-gate	expected=2;allowed_rc=0;planner=[joinir/planner_first rule=LoopSimpleWhile] label=LoopSimpleWhile	-	rejected	rejected	`[callable-loop-handoff/nested-loop-profile-not-admitted]`	unknown	phase29bq_fast_gate_cases.tsv:32	accepted-typed-reject	callable-loop-handoff	D0-TYPED-REJECT	phase29bq_typed_terminal_source_backed_gate_mir	GENERIC-LEGACY-CORPUS-UNIVERSE-P0	-	-	-	-	-	-	-	-
case	generic_loop_v1_recipe_nested_if_loop_else_min	apps/tests/phase29bq_generic_loop_v1_recipe_nested_if_loop_else_min.hako	generic-fixture	fast-gate	expected=20;allowed_rc=0;planner=[joinir/planner_first rule=LoopSimpleWhile] label=LoopSimpleWhile	-	rejected	rejected	same nested-loop handoff reject	unknown	phase29bq_fast_gate_cases.tsv:33	accepted-typed-reject	callable-loop-handoff	D0-TYPED-REJECT	phase29bq_typed_terminal_source_backed_gate_mir	GENERIC-LEGACY-CORPUS-UNIVERSE-P0	-	-	-	-	-	-	-	-
case	generic_loop_v1_recipe_then_only_empty_join_min	apps/tests/phase29bq_generic_loop_v1_recipe_then_only_empty_join_min.hako	generic-fixture	fast-gate	expected=3;allowed_rc=0;planner=[joinir/planner_first rule=LoopSimpleWhile] label=LoopSimpleWhile	-	rejected	rejected	`[mir/callable-main/qualified-preflight] UnsupportedFirstFamilyShape actual=Loop statement_not_i	unknown	phase29bq_fast_gate_cases.tsv:34	accepted-typed-reject	qualified-preflight	D0-TYPED-REJECT	phase29bq_typed_terminal_source_backed_gate_mir	GENERIC-LEGACY-CORPUS-UNIVERSE-P0	-	-	-	-	-	-	-	-
case	generic_loop_v1_recipe_loop_if_loop_callguard_min	apps/tests/phase29bq_generic_loop_v1_recipe_loop_if_loop_callguard_min.hako	generic-fixture	fast-gate	expected=10;allowed_rc=0;planner=[joinir/planner_first rule=LoopCondBreak] label=LoopExitIfBreakContinue	-	rejected	rejected	`nested-loop-profile-not-admitted`	unknown	phase29bq_fast_gate_cases.tsv:35	accepted-typed-reject	callable-loop-handoff	D0-TYPED-REJECT	phase29bq_typed_terminal_source_backed_gate_mir	GENERIC-LEGACY-CORPUS-UNIVERSE-P0	-	-	-	-	-	-	-	-
case	generic_loop_v1_recipe_loop_if_loop_pure_min	apps/tests/phase29bq_generic_loop_v1_recipe_loop_if_loop_pure_min.hako	generic-fixture	fast-gate	expected=10;allowed_rc=0;planner=[joinir/planner_first rule=LoopCondBreak] label=LoopExitIfBreakContinue	-	rejected	rejected	`nested-loop-profile-not-admitted`	unknown	phase29bq_fast_gate_cases.tsv:36	accepted-typed-reject	callable-loop-handoff	D0-TYPED-REJECT	phase29bq_typed_terminal_source_backed_gate_mir	GENERIC-LEGACY-CORPUS-UNIVERSE-P0	-	-	-	-	-	-	-	-
case	loop_continue_only_multidelta_min	apps/tests/loop_continue_only_multidelta_min.hako	phase29bq	fast-gate	expected=31;allowed_rc=0;planner=[flowbox/adopt box_kind=Loop features=break,continue via=shadow]	-	rejected	rejected	`LoopCondRouteRejected(SourceItemsMissing)` site=Body(3)	unknown	phase29bq_fast_gate_cases.tsv:37	accepted-typed-reject	callable-loop	D0-TYPED-REJECT	phase29bq_typed_terminal_source_backed_gate_mir	GENERIC-LEGACY-CORPUS-UNIVERSE-P0	-	-	-	-	-	-	-	-
case	parserish_handled	apps/tests/phase29bq_parserish_loop_handled_min.hako	phase29bq	fast-gate	expected=30;allowed_rc=0;planner=[flowbox/adopt box_kind=Loop features=break via=shadow]	-	rejected	rejected	`callable-loop/recipe source-unsupported-body-statement`	unknown	phase29bq_fast_gate_cases.tsv:38	accepted-typed-reject	callable-loop	D0-TYPED-REJECT	phase29bq_typed_terminal_source_backed_gate_mir	GENERIC-LEGACY-CORPUS-UNIVERSE-P0	-	-	-	-	-	-	-	-
case	selfhost_parse_string2_min	apps/tests/phase29bq_selfhost_blocker_parse_string2_min.hako	selfhost	fast-gate	"expected={""type"":""Str"",""value"":""a""};allowed_rc=0;planner=[flowbox/adopt box_kind=Loop features=return,break,continue via=shadow]"	-	rejected	rejected	`callable-loop/composite/source-target SourceItemDispositionMissing` in LoopBody IfThen	unknown	phase29bq_fast_gate_cases.tsv:39	accepted-typed-reject	callable-loop	D0-TYPED-REJECT	phase29bq_typed_terminal_source_backed_gate_mir	GENERIC-LEGACY-CORPUS-UNIVERSE-P0	-	-	-	-	-	-	-	-
case	selfhost_parse_string2_real_min	apps/tests/phase29bq_selfhost_blocker_parse_string2_real_min.hako	selfhost	fast-gate	expected=A;allowed_rc=0;planner=[flowbox/adopt box_kind=Loop features=return,break,continue via=shadow]	-	failed-before-loop	rejected	`mir/main-import-view/selected-header-missing`	unknown	phase29bq_fast_gate_cases.tsv:40	nonproduction-future-evidence	mir/main-import-view	D0-PRE-LOOP-EVIDENCE	phase29bq_typed_terminal_source_backed_gate_mir	GENERIC-LEGACY-CORPUS-UNIVERSE-P0	-	-	-	-	-	-	-	-
case	selfhost_parse_block_min	apps/tests/phase29bq_selfhost_blocker_parse_block_min.hako	selfhost	fast-gate	expected=[]@2;allowed_rc=0;planner=[flowbox/adopt box_kind=Loop features=break via=shadow]	-	rejected	rejected	`semantic-package LoopBreakSource ForestBinding UnsupportedAncestor`	unknown	phase29bq_fast_gate_cases.tsv:41	accepted-typed-reject	semantic-package	D0-TYPED-REJECT	phase29bq_typed_terminal_source_backed_gate_mir	GENERIC-LEGACY-CORPUS-UNIVERSE-P0	-	-	-	-	-	-	-	-
case	selfhost_localssa_block_insts_end_min	apps/tests/phase29bq_selfhost_blocker_localssa_block_insts_end_min.hako	selfhost	fast-gate	expected=0;allowed_rc=0;planner=[flowbox/adopt box_kind=Loop features=return,break via=shadow]	-	rejected	rejected	`route-not-front-selected LoopTrueRouteRejected(SourceItemOutsideLoop)` site=Body(2)	unknown	phase29bq_fast_gate_cases.tsv:42	accepted-typed-reject	callable-loop	D0-TYPED-REJECT	phase29bq_typed_terminal_source_backed_gate_mir	GENERIC-LEGACY-CORPUS-UNIVERSE-P0	-	-	-	-	-	-	-	-
case	selfhost_parse_try_program_block_min	apps/tests/phase29bq_selfhost_blocker_parse_try_program_block_min.hako	selfhost	fast-gate	expected=[ab;allowed_rc=0;planner=[flowbox/adopt box_kind=Loop features=break via=shadow]	-	rejected	rejected	`LoopTrueRouteRejected(SourceItemOutsideLoop)` site=Body(3)	unknown	phase29bq_fast_gate_cases.tsv:43	accepted-typed-reject	callable-loop	D0-TYPED-REJECT	phase29bq_typed_terminal_source_backed_gate_mir	GENERIC-LEGACY-CORPUS-UNIVERSE-P0	-	-	-	-	-	-	-	-
case	selfhost_parse_block_v2_min	apps/tests/phase29bq_selfhost_blocker_parse_block_v2_min.hako	selfhost	fast-gate	expected=[]@2;allowed_rc=0;planner=[flowbox/adopt box_kind=Loop features=break,nested_loop via=shadow]	-	failed-before-loop	rejected	`mir/main-import-view/selected-header-missing`	unknown	phase29bq_fast_gate_cases.tsv:44	nonproduction-future-evidence	mir/main-import-view	D0-PRE-LOOP-EVIDENCE	phase29bq_typed_terminal_source_backed_gate_mir	GENERIC-LEGACY-CORPUS-UNIVERSE-P0	-	-	-	-	-	-	-	-
case	selfhost_parse_loop_min	apps/tests/phase29bq_selfhost_blocker_parse_loop_min.hako	selfhost	fast-gate	"expected={""type"":""Loop"",""cond"":""COND"",""body"":[]};allowed_rc=0;planner=[joinir/planner_first rule=LoopCondBreak] label=LoopExitIfBreakContinue|[joinir/no_plan reason=no_loop]"	-	failed-before-loop	rejected	`mir/main-import-view/selected-header-missing`	unknown	phase29bq_fast_gate_cases.tsv:45	nonproduction-future-evidence	mir/main-import-view	D0-PRE-LOOP-EVIDENCE	phase29bq_typed_terminal_source_backed_gate_mir	GENERIC-LEGACY-CORPUS-UNIVERSE-P0	-	-	-	-	-	-	-	-
case	continue_target_header	apps/tests/phase29bq_continue_target_header_min.hako	phase29bq	fast-gate	expected=33;allowed_rc=0;planner=[flowbox/adopt box_kind=Loop features=break,continue via=shadow]	-	rejected	rejected	`LoopCondRouteRejected(SourceItemsMissing)` site=Body(3)	unknown	phase29bq_fast_gate_cases.tsv:46	accepted-typed-reject	callable-loop	D0-TYPED-REJECT	phase29bq_typed_terminal_source_backed_gate_mir	GENERIC-LEGACY-CORPUS-UNIVERSE-P0	-	-	-	-	-	-	-	-
case	selfhost_scan_with_quote_min	apps/tests/phase29bq_selfhost_blocker_scan_with_quote_min.hako	selfhost	fast-gate	expected=aX@0;allowed_rc=0;planner=[flowbox/adopt box_kind=Loop features=return via=shadow]	-	rejected	rejected	`route-not-front-selected GenericLoopV1NotSelected` fn=Main.scan_with_quote_min/3	unknown	phase29bq_fast_gate_cases.tsv:47	accepted-typed-reject	callable-loop	D0-TYPED-REJECT	phase29bq_typed_terminal_source_backed_gate_mir	GENERIC-LEGACY-CORPUS-UNIVERSE-P0	-	-	-	-	-	-	-	-
case	selfhost_scan_with_quote_loop_min	apps/tests/phase29bq_selfhost_blocker_scan_with_quote_loop_min.hako	selfhost	fast-gate	expected=aX@0;allowed_rc=0;planner=[flowbox/adopt box_kind=Loop features=return via=shadow]	-	rejected	rejected	`GenericLoopV1NotSelected` fn=Main.scan_with_quote_loop_min/3	unknown	phase29bq_fast_gate_cases.tsv:48	accepted-typed-reject	callable-loop	D0-TYPED-REJECT	phase29bq_typed_terminal_source_backed_gate_mir	GENERIC-LEGACY-CORPUS-UNIVERSE-P0	-	-	-	-	-	-	-	-
case	selfhost_scan_with_quote_loop_full_min	apps/tests/phase29bq_selfhost_blocker_scan_with_quote_loop_full_min.hako	selfhost	fast-gate	expected=aX@0;allowed_rc=0;planner=[flowbox/adopt box_kind=Loop features=return via=shadow]	-	rejected	rejected	`GenericLoopV1NotSelected` fn=Main.scan_with_quote_loop_full_min/3	unknown	phase29bq_fast_gate_cases.tsv:49	accepted-typed-reject	callable-loop	D0-TYPED-REJECT	phase29bq_typed_terminal_source_backed_gate_mir	GENERIC-LEGACY-CORPUS-UNIVERSE-P0	-	-	-	-	-	-	-	-
case	selfhost_usingcollector_loop_full_min	apps/tests/phase29bq_selfhost_blocker_usingcollector_loop_full_min.hako	selfhost	fast-gate	expected=[];allowed_rc=0;planner=[flowbox/adopt box_kind=Loop features= via=shadow]	-	failed-before-loop	rejected	`mir/main-import-view/selected-header-missing`	unknown	phase29bq_fast_gate_cases.tsv:50	nonproduction-future-evidence	mir/main-import-view	D0-PRE-LOOP-EVIDENCE	phase29bq_typed_terminal_source_backed_gate_mir	GENERIC-LEGACY-CORPUS-UNIVERSE-P0	-	-	-	-	-	-	-	-
case	selfhost_peek_parse_min	apps/tests/phase29bq_selfhost_blocker_peek_parse_min.hako	selfhost	fast-gate	expected=[];allowed_rc=0;planner=[joinir/planner_first rule=LoopSimpleWhile] label=LoopSimpleWhile	-	rejected	rejected	`callable-loop-handoff/incomplete-binding-coverage`	unknown	phase29bq_fast_gate_cases.tsv:51	accepted-typed-reject	callable-loop-handoff	D0-TYPED-REJECT	phase29bq_typed_terminal_source_backed_gate_mir	GENERIC-LEGACY-CORPUS-UNIVERSE-P0	-	-	-	-	-	-	-	-
case	selfhost_bundle_resolver_min	apps/tests/phase29bq_selfhost_blocker_bundle_resolver_min.hako	selfhost	fast-gate	expected=1;allowed_rc=0;planner=[flowbox/adopt box_kind=Loop features= via=shadow]	-	failed-before-loop	rejected	`mir/normal-root/consume SourcePolicy(MainMustBeStatic)`	unknown	phase29bq_fast_gate_cases.tsv:52	nonproduction-future-evidence	mir/normal-root	D0-PRE-LOOP-EVIDENCE	phase29bq_typed_terminal_source_backed_gate_mir	GENERIC-LEGACY-CORPUS-UNIVERSE-P0	-	-	-	-	-	-	-	-
case	selfhost_scan_ident_min	apps/tests/phase29bq_selfhost_blocker_scan_ident_min.hako	selfhost	fast-gate	expected=ab1@0;allowed_rc=0;planner=[flowbox/adopt box_kind=Loop features=break,continue via=shadow]	-	failed-before-loop	rejected	`qualified-preflight actual=Print` site=Body(1)	unknown	phase29bq_fast_gate_cases.tsv:53	nonproduction-future-evidence	qualified-preflight	D0-PRE-LOOP-EVIDENCE	phase29bq_typed_terminal_source_backed_gate_mir	GENERIC-LEGACY-CORPUS-UNIVERSE-P0	-	-	-	-	-	-	-	-
case	return_continue_hetero	apps/tests/phase29bq_selfhost_blocker_return_continue_hetero_min.hako	selfhost	fast-gate	expected=1;allowed_rc=0;planner=[flowbox/adopt box_kind=Loop features=return,continue via=shadow]	-	failed-before-loop	rejected	`qualified-preflight actual=New` site=Body(0)	unknown	phase29bq_fast_gate_cases.tsv:54	nonproduction-future-evidence	qualified-preflight	D0-PRE-LOOP-EVIDENCE	phase29bq_typed_terminal_source_backed_gate_mir	GENERIC-LEGACY-CORPUS-UNIVERSE-P0	-	-	-	-	-	-	-	-
case	selfhost_breakfinder_parse_int_min	apps/tests/phase29bq_selfhost_blocker_breakfinder_parse_int_min.hako	selfhost	fast-gate	expected=-1;allowed_rc=0;planner=[flowbox/adopt box_kind=Loop features=return via=shadow]	-	failed-before-loop	rejected	`mir/main-import-view/selected-header-missing`	unknown	phase29bq_fast_gate_cases.tsv:55	nonproduction-future-evidence	mir/main-import-view	D0-PRE-LOOP-EVIDENCE	phase29bq_typed_terminal_source_backed_gate_mir	GENERIC-LEGACY-CORPUS-UNIVERSE-P0	-	-	-	-	-	-	-	-
case	selfhost_parse_try_min	apps/tests/phase29bq_selfhost_blocker_parse_try_min.hako	selfhost	fast-gate	expected=2;allowed_rc=0;planner=[flowbox/adopt box_kind=Loop features=break via=shadow]	-	rejected	rejected	`qualified-preflight actual=Loop` site=Body(3)	unknown	phase29bq_fast_gate_cases.tsv:56	accepted-typed-reject	qualified-preflight	D0-TYPED-REJECT	phase29bq_typed_terminal_source_backed_gate_mir	GENERIC-LEGACY-CORPUS-UNIVERSE-P0	-	-	-	-	-	-	-	-
case	selfhost_parse_map_min	apps/tests/phase29bq_selfhost_blocker_parse_map_min.hako	selfhost	fast-gate	"expected={""type"":""Call"",""name"":""map.of"",""args"":[]};allowed_rc=0;planner=[joinir/planner_first rule=LoopSimpleWhile] label=LoopSimpleWhile"	-	rejected	rejected	`callable-loop/composite/source-target SourceItemDispositionMissing` in LoopBody	unknown	phase29bq_fast_gate_cases.tsv:57	accepted-typed-reject	callable-loop	D0-TYPED-REJECT	phase29bq_typed_terminal_source_backed_gate_mir	GENERIC-LEGACY-CORPUS-UNIVERSE-P0	-	-	-	-	-	-	-	-
case	selfhost_parse_block_expr_min	apps/tests/phase29bq_selfhost_blocker_parse_block_expr_min.hako	selfhost	fast-gate	"expected={""type"":""Error"",""message"":""BlockExpr requires at least one expression""};allowed_rc=0;planner=[flowbox/adopt box_kind=Loop features=break via=shadow]"	-	rejected	rejected	`composite/source-target SourceItemDispositionMissing` in LoopBody	unknown	phase29bq_fast_gate_cases.tsv:58	accepted-typed-reject	callable-loop	D0-TYPED-REJECT	phase29bq_typed_terminal_source_backed_gate_mir	GENERIC-LEGACY-CORPUS-UNIVERSE-P0	-	-	-	-	-	-	-	-
case	selfhost_parse_term2_min	apps/tests/phase29bq_selfhost_blocker_parse_term2_min.hako	selfhost	fast-gate	expected=1;allowed_rc=0;planner=[flowbox/adopt box_kind=Loop features=break via=shadow]	-	rejected	rejected	`composite/source-target SourceItemDispositionMissing` in LoopBody	unknown	phase29bq_fast_gate_cases.tsv:59	accepted-typed-reject	callable-loop	D0-TYPED-REJECT	phase29bq_typed_terminal_source_backed_gate_mir	GENERIC-LEGACY-CORPUS-UNIVERSE-P0	-	-	-	-	-	-	-	-
case	selfhost_parse_program2_ws_min	apps/tests/phase29bq_selfhost_blocker_parse_program2_ws_min.hako	selfhost	fast-gate	expected=1;allowed_rc=0;planner=[flowbox/adopt box_kind=Loop features=break,continue via=shadow]	-	rejected	rejected	`qualified-preflight actual=Loop` site=Body(3)	unknown	phase29bq_fast_gate_cases.tsv:60	accepted-typed-reject	qualified-preflight	D0-TYPED-REJECT	phase29bq_typed_terminal_source_backed_gate_mir	GENERIC-LEGACY-CORPUS-UNIVERSE-P0	-	-	-	-	-	-	-	-
case	selfhost_parse_program2_ws_or_min	apps/tests/phase29bq_selfhost_blocker_parse_program2_ws_or_min.hako	selfhost	fast-gate	expected=1;allowed_rc=0;planner=[flowbox/adopt box_kind=Loop features=break,continue via=shadow]	-	rejected	rejected	`qualified-preflight actual=Loop` site=Body(3)	unknown	phase29bq_fast_gate_cases.tsv:61	accepted-typed-reject	qualified-preflight	D0-TYPED-REJECT	phase29bq_typed_terminal_source_backed_gate_mir	GENERIC-LEGACY-CORPUS-UNIVERSE-P0	-	-	-	-	-	-	-	-
case	selfhost_parse_program2_ws_loopcount_continue_min	apps/tests/phase29bq_selfhost_blocker_parse_program2_ws_loopcount_continue_min.hako	selfhost	fast-gate	expected=1;allowed_rc=0;planner=[flowbox/adopt box_kind=Loop features=break,continue via=shadow]	-	rejected	rejected	`qualified-preflight actual=Loop` site=Body(5)	unknown	phase29bq_fast_gate_cases.tsv:62	accepted-typed-reject	qualified-preflight	D0-TYPED-REJECT	phase29bq_typed_terminal_source_backed_gate_mir	GENERIC-LEGACY-CORPUS-UNIVERSE-P0	-	-	-	-	-	-	-	-
case	selfhost_parse_program2_prelude1_ws_loop_min	apps/tests/phase29bq_selfhost_blocker_parse_program2_prelude1_ws_loop_min.hako	selfhost	fast-gate	expected=1;allowed_rc=0;planner=[flowbox/adopt box_kind=Loop features=break,continue via=shadow]	-	failed-before-loop	rejected	`qualified-preflight actual=BinaryOp` site=Body(6).IfCondition	unknown	phase29bq_fast_gate_cases.tsv:63	nonproduction-future-evidence	qualified-preflight	D0-PRE-LOOP-EVIDENCE	phase29bq_typed_terminal_source_backed_gate_mir	GENERIC-LEGACY-CORPUS-UNIVERSE-P0	-	-	-	-	-	-	-	-
case	selfhost_parse_program2_prelude2_depth_ws_loop_min	apps/tests/phase29bq_selfhost_blocker_parse_program2_prelude2_depth_ws_loop_min.hako	selfhost	fast-gate	expected=1;allowed_rc=0;planner=[flowbox/adopt box_kind=Loop features=break,continue via=shadow]	-	failed-before-loop	rejected	`qualified-preflight actual=Print` site=Body(7) nested IfThen	unknown	phase29bq_fast_gate_cases.tsv:64	nonproduction-future-evidence	qualified-preflight	D0-PRE-LOOP-EVIDENCE	phase29bq_typed_terminal_source_backed_gate_mir	GENERIC-LEGACY-CORPUS-UNIVERSE-P0	-	-	-	-	-	-	-	-
case	selfhost_parse_program2_cond_and_min	apps/tests/phase29bq_selfhost_blocker_parse_program2_cond_and_min.hako	selfhost	fast-gate	expected=1;allowed_rc=0;planner=[flowbox/adopt box_kind=Loop features=break,continue via=shadow]	-	rejected	rejected	`qualified-preflight actual=Loop` site=Body(3)	unknown	phase29bq_fast_gate_cases.tsv:65	accepted-typed-reject	qualified-preflight	D0-TYPED-REJECT	phase29bq_typed_terminal_source_backed_gate_mir	GENERIC-LEGACY-CORPUS-UNIVERSE-P0	-	-	-	-	-	-	-	-
case	selfhost_parse_program2_effect_if_min	apps/tests/phase29bq_selfhost_blocker_parse_program2_effect_if_min.hako	selfhost	fast-gate	expected=P;allowed_rc=0;planner=[flowbox/adopt box_kind=Loop features=break,continue via=shadow]	-	rejected	rejected	`route-not-front-selected CarrierRelation(MissingIncrement)` site=Body(2)	unknown	phase29bq_fast_gate_cases.tsv:66	accepted-typed-reject	callable-loop	D0-TYPED-REJECT	phase29bq_typed_terminal_source_backed_gate_mir	GENERIC-LEGACY-CORPUS-UNIVERSE-P0	-	-	-	-	-	-	-	-
case	selfhost_parse_program2_bool_or_mod_min	apps/tests/phase29bq_selfhost_blocker_parse_program2_bool_or_mod_min.hako	selfhost	fast-gate	expected=1;allowed_rc=0;planner=[flowbox/adopt box_kind=Loop features= via=shadow]	-	rejected	rejected	`LoopCondRouteRejected(SourceItemsMissing)` site=Body(4)	unknown	phase29bq_fast_gate_cases.tsv:67	accepted-typed-reject	callable-loop	D0-TYPED-REJECT	phase29bq_typed_terminal_source_backed_gate_mir	GENERIC-LEGACY-CORPUS-UNIVERSE-P0	-	-	-	-	-	-	-	-
case	selfhost_parse_program2_if_return_min	apps/tests/phase29bq_selfhost_blocker_parse_program2_if_return_min.hako	selfhost	fast-gate	expected=7;allowed_rc=0;planner=StepTree root for 'Main.equals/1'	-	accepted	accepted	canonical-main	unknown	phase29bq_fast_gate_cases.tsv:68	portable-owner	canonical-main	D0-DISPOSITION-CHECKED	phase29bq_portable_owner_source_backed_gate_mir	GENERIC-LEGACY-CORPUS-UNIVERSE-P0	-	-	-	-	-	-	-	-
case	selfhost_parse_program2_if_return_var_min	apps/tests/phase29bq_selfhost_blocker_parse_program2_if_return_var_min.hako	selfhost	fast-gate	expected=7;allowed_rc=0;planner=StepTree root for 'Main.equals/1'	-	accepted	accepted	canonical-main	unknown	phase29bq_fast_gate_cases.tsv:69	portable-owner	canonical-main	D0-DISPOSITION-CHECKED	phase29bq_portable_owner_source_backed_gate_mir	GENERIC-LEGACY-CORPUS-UNIVERSE-P0	-	-	-	-	-	-	-	-
case	selfhost_parse_program2_if_return_local_min	apps/tests/phase29bq_selfhost_blocker_parse_program2_if_return_local_min.hako	selfhost	fast-gate	expected=7;allowed_rc=0;planner=StepTree root for 'Main.equals/1'	-	accepted	accepted	canonical-main	unknown	phase29bq_fast_gate_cases.tsv:70	portable-owner	canonical-main	D0-DISPOSITION-CHECKED	phase29bq_portable_owner_source_backed_gate_mir	GENERIC-LEGACY-CORPUS-UNIVERSE-P0	-	-	-	-	-	-	-	-
case	selfhost_parse_program2_if_fallthrough_join_min	apps/tests/phase29bq_selfhost_blocker_parse_program2_if_fallthrough_join_min.hako	selfhost	fast-gate	expected=1;allowed_rc=0;planner=StepTree root for 'Main.equals/1'	-	accepted	accepted	canonical-main	unknown	phase29bq_fast_gate_cases.tsv:71	portable-owner	canonical-main	D0-DISPOSITION-CHECKED	phase29bq_portable_owner_source_backed_gate_mir	GENERIC-LEGACY-CORPUS-UNIVERSE-P0	-	-	-	-	-	-	-	-
case	selfhost_parse_program2_if_else_return_min	apps/tests/phase29bq_selfhost_blocker_parse_program2_if_else_return_min.hako	selfhost	fast-gate	expected=__EMPTY__;allowed_rc=0;planner=StepTree root for 'Main.equals/1'	-	accepted	accepted	canonical-main	unknown	phase29bq_fast_gate_cases.tsv:72	portable-owner	canonical-main	D0-DISPOSITION-CHECKED	phase29bq_portable_owner_source_backed_gate_mir	GENERIC-LEGACY-CORPUS-UNIVERSE-P0	-	-	-	-	-	-	-	-
case	selfhost_parse_program2_if_else_return_var_min	apps/tests/phase29bq_selfhost_blocker_parse_program2_if_else_return_var_min.hako	selfhost	fast-gate	expected=__EMPTY__;allowed_rc=0;planner=StepTree root for 'Main.equals/1'	-	accepted	accepted	canonical-main	unknown	phase29bq_fast_gate_cases.tsv:73	portable-owner	canonical-main	D0-DISPOSITION-CHECKED	phase29bq_portable_owner_source_backed_gate_mir	GENERIC-LEGACY-CORPUS-UNIVERSE-P0	-	-	-	-	-	-	-	-
case	selfhost_parse_program2_if_else_return_local_min	apps/tests/phase29bq_selfhost_blocker_parse_program2_if_else_return_local_min.hako	selfhost	fast-gate	expected=__EMPTY__;allowed_rc=0;planner=StepTree root for 'Main.equals/1'	-	accepted	accepted	canonical-main	unknown	phase29bq_fast_gate_cases.tsv:74	portable-owner	canonical-main	D0-DISPOSITION-CHECKED	phase29bq_portable_owner_source_backed_gate_mir	GENERIC-LEGACY-CORPUS-UNIVERSE-P0	-	-	-	-	-	-	-	-
case	selfhost_parse_program2_if_else_if_return_min	apps/tests/phase29bq_selfhost_blocker_parse_program2_if_else_if_return_min.hako	selfhost	fast-gate	expected=__EMPTY__;allowed_rc=0;planner=StepTree root for 'Main.equals/1'	-	accepted	accepted	canonical-main	unknown	phase29bq_fast_gate_cases.tsv:75	portable-owner	canonical-main	D0-DISPOSITION-CHECKED	phase29bq_portable_owner_source_backed_gate_mir	GENERIC-LEGACY-CORPUS-UNIVERSE-P0	-	-	-	-	-	-	-	-
case	selfhost_parse_using_min	apps/tests/phase29bq_selfhost_blocker_parse_using_min.hako	selfhost	fast-gate	expected=a.b;allowed_rc=0;planner=[flowbox/adopt box_kind=Loop features=break via=shadow]	-	rejected	rejected	`qualified-preflight actual=Loop` site=Body(3)	unknown	phase29bq_fast_gate_cases.tsv:76	accepted-typed-reject	qualified-preflight	D0-TYPED-REJECT	phase29bq_typed_terminal_source_backed_gate_mir	GENERIC-LEGACY-CORPUS-UNIVERSE-P0	-	-	-	-	-	-	-	-
case	selfhost_parse_stmt_skipws_min	apps/tests/phase29bq_selfhost_blocker_parse_stmt_skipws_min.hako	selfhost	fast-gate	expected=1;allowed_rc=0;planner=[flowbox/adopt box_kind=Loop features=break via=shadow]	-	rejected	rejected	`qualified-preflight actual=Loop` site=Body(3)	unknown	phase29bq_fast_gate_cases.tsv:77	accepted-typed-reject	qualified-preflight	D0-TYPED-REJECT	phase29bq_typed_terminal_source_backed_gate_mir	GENERIC-LEGACY-CORPUS-UNIVERSE-P0	-	-	-	-	-	-	-	-
case	selfhost_parse_program2_nested_loop_min	apps/tests/phase29bq_selfhost_blocker_parse_program2_nested_loop_min.hako	selfhost	fast-gate	expected=2;allowed_rc=0;planner=[flowbox/adopt box_kind=Loop features=break,nested_loop via=shadow]	-	rejected	rejected	`callable-loop-handoff/nested-loop-profile-not-admitted`	unknown	phase29bq_fast_gate_cases.tsv:78	accepted-typed-reject	callable-loop-handoff	D0-TYPED-REJECT	phase29bq_typed_terminal_source_backed_gate_mir	GENERIC-LEGACY-CORPUS-UNIVERSE-P0	-	-	-	-	-	-	-	-
case	selfhost_parse_program2_nested_loop_if_return_min	apps/tests/phase29bq_selfhost_blocker_parse_program2_nested_loop_if_return_min.hako	selfhost	fast-gate	expected=__EMPTY__;allowed_rc=0;planner=[joinir/planner_first rule=LoopSimpleWhile] label=LoopSimpleWhile	-	rejected	rejected	`nested-loop-profile-not-admitted`	unknown	phase29bq_fast_gate_cases.tsv:79	accepted-typed-reject	callable-loop-handoff	D0-TYPED-REJECT	phase29bq_typed_terminal_source_backed_gate_mir	GENERIC-LEGACY-CORPUS-UNIVERSE-P0	-	-	-	-	-	-	-	-
case	selfhost_parse_program2_nested_loop_if_else_return_min	apps/tests/phase29bq_selfhost_blocker_parse_program2_nested_loop_if_else_return_min.hako	selfhost	fast-gate	expected=__EMPTY__;allowed_rc=0;planner=[joinir/planner_first rule=LoopSimpleWhile] label=LoopSimpleWhile	-	rejected	rejected	`nested-loop-profile-not-admitted`	unknown	phase29bq_fast_gate_cases.tsv:80	accepted-typed-reject	callable-loop-handoff	D0-TYPED-REJECT	phase29bq_typed_terminal_source_backed_gate_mir	GENERIC-LEGACY-CORPUS-UNIVERSE-P0	-	-	-	-	-	-	-	-
case	selfhost_parse_program2_nested_loop_if_return_var_min	apps/tests/phase29bq_selfhost_blocker_parse_program2_nested_loop_if_return_var_min.hako	selfhost	fast-gate	expected=__EMPTY__;allowed_rc=0;planner=[joinir/planner_first rule=LoopSimpleWhile] label=LoopSimpleWhile	-	rejected	rejected	`nested-loop-profile-not-admitted`	unknown	phase29bq_fast_gate_cases.tsv:81	accepted-typed-reject	callable-loop-handoff	D0-TYPED-REJECT	phase29bq_typed_terminal_source_backed_gate_mir	GENERIC-LEGACY-CORPUS-UNIVERSE-P0	-	-	-	-	-	-	-	-
case	selfhost_parse_program2_nested_loop_if_return_local_min	apps/tests/phase29bq_selfhost_blocker_parse_program2_nested_loop_if_return_local_min.hako	selfhost	fast-gate	expected=__EMPTY__;allowed_rc=0;planner=[joinir/planner_first rule=LoopSimpleWhile] label=LoopSimpleWhile	-	rejected	rejected	`nested-loop-profile-not-admitted`	unknown	phase29bq_fast_gate_cases.tsv:82	accepted-typed-reject	callable-loop-handoff	D0-TYPED-REJECT	phase29bq_typed_terminal_source_backed_gate_mir	GENERIC-LEGACY-CORPUS-UNIVERSE-P0	-	-	-	-	-	-	-	-
case	selfhost_parse_program2_nested_loop_if_else_return_var_min	apps/tests/phase29bq_selfhost_blocker_parse_program2_nested_loop_if_else_return_var_min.hako	selfhost	fast-gate	expected=__EMPTY__;allowed_rc=0;planner=[joinir/planner_first rule=LoopSimpleWhile] label=LoopSimpleWhile	-	rejected	rejected	`nested-loop-profile-not-admitted`	unknown	phase29bq_fast_gate_cases.tsv:83	accepted-typed-reject	callable-loop-handoff	D0-TYPED-REJECT	phase29bq_typed_terminal_source_backed_gate_mir	GENERIC-LEGACY-CORPUS-UNIVERSE-P0	-	-	-	-	-	-	-	-
case	selfhost_parse_program2_nested_loop_if_else_return_local_min	apps/tests/phase29bq_selfhost_blocker_parse_program2_nested_loop_if_else_return_local_min.hako	selfhost	fast-gate	expected=__EMPTY__;allowed_rc=0;planner=[joinir/planner_first rule=LoopSimpleWhile] label=LoopSimpleWhile	-	rejected	rejected	`nested-loop-profile-not-admitted`	unknown	phase29bq_fast_gate_cases.tsv:84	accepted-typed-reject	callable-loop-handoff	D0-TYPED-REJECT	phase29bq_typed_terminal_source_backed_gate_mir	GENERIC-LEGACY-CORPUS-UNIVERSE-P0	-	-	-	-	-	-	-	-
case	selfhost_parse_program2_nested_loop_if_else_if_return_min	apps/tests/phase29bq_selfhost_blocker_parse_program2_nested_loop_if_else_if_return_min.hako	selfhost	fast-gate	expected=__EMPTY__;allowed_rc=0;planner=[joinir/planner_first rule=LoopSimpleWhile] label=LoopSimpleWhile	-	rejected	rejected	`nested-loop-profile-not-admitted`	unknown	phase29bq_fast_gate_cases.tsv:85	accepted-typed-reject	callable-loop-handoff	D0-TYPED-REJECT	phase29bq_typed_terminal_source_backed_gate_mir	GENERIC-LEGACY-CORPUS-UNIVERSE-P0	-	-	-	-	-	-	-	-
case	selfhost_parse_program2_nested_loop_if_else_if_else_return_min	apps/tests/phase29bq_selfhost_blocker_parse_program2_nested_loop_if_else_if_else_return_min.hako	selfhost	fast-gate	expected=__EMPTY__;allowed_rc=0;planner=[joinir/planner_first rule=LoopSimpleWhile] label=LoopSimpleWhile	-	rejected	rejected	`nested-loop-profile-not-admitted`	unknown	phase29bq_fast_gate_cases.tsv:86	accepted-typed-reject	callable-loop-handoff	D0-TYPED-REJECT	phase29bq_typed_terminal_source_backed_gate_mir	GENERIC-LEGACY-CORPUS-UNIVERSE-P0	-	-	-	-	-	-	-	-
case	selfhost_parse_program2_nested_loop_if_fallthrough_join_min	apps/tests/phase29bq_selfhost_blocker_parse_program2_nested_loop_if_fallthrough_join_min.hako	selfhost	fast-gate	expected=__EMPTY__;allowed_rc=0;planner=[joinir/planner_first rule=LoopSimpleWhile] label=LoopSimpleWhile	-	rejected	rejected	`nested-loop-profile-not-admitted`	unknown	phase29bq_fast_gate_cases.tsv:87	accepted-typed-reject	callable-loop-handoff	D0-TYPED-REJECT	phase29bq_typed_terminal_source_backed_gate_mir	GENERIC-LEGACY-CORPUS-UNIVERSE-P0	-	-	-	-	-	-	-	-
case	selfhost_parse_program2_nested_loop_if_else_fallthrough_join_min	apps/tests/phase29bq_selfhost_blocker_parse_program2_nested_loop_if_else_fallthrough_join_min.hako	selfhost	fast-gate	expected=__EMPTY__;allowed_rc=0;planner=[joinir/planner_first rule=LoopSimpleWhile] label=LoopSimpleWhile	-	rejected	rejected	`nested-loop-profile-not-admitted`	unknown	phase29bq_fast_gate_cases.tsv:88	accepted-typed-reject	callable-loop-handoff	D0-TYPED-REJECT	phase29bq_typed_terminal_source_backed_gate_mir	GENERIC-LEGACY-CORPUS-UNIVERSE-P0	-	-	-	-	-	-	-	-
case	selfhost_parse_program2_nested_loop_if_else_fallthrough_join_return_var_min	apps/tests/phase29bq_selfhost_blocker_parse_program2_nested_loop_if_else_fallthrough_join_return_var_min.hako	selfhost	fast-gate	expected=__EMPTY__;allowed_rc=0;planner=[joinir/planner_first rule=LoopSimpleWhile] label=LoopSimpleWhile	-	rejected	rejected	`nested-loop-profile-not-admitted`	unknown	phase29bq_fast_gate_cases.tsv:89	accepted-typed-reject	callable-loop-handoff	D0-TYPED-REJECT	phase29bq_typed_terminal_source_backed_gate_mir	GENERIC-LEGACY-CORPUS-UNIVERSE-P0	-	-	-	-	-	-	-	-
case	selfhost_parse_program2_nested_loop_if_else_fallthrough_join_return_local_min	apps/tests/phase29bq_selfhost_blocker_parse_program2_nested_loop_if_else_fallthrough_join_return_local_min.hako	selfhost	fast-gate	expected=__EMPTY__;allowed_rc=0;planner=[joinir/planner_first rule=LoopSimpleWhile] label=LoopSimpleWhile	-	rejected	rejected	`nested-loop-profile-not-admitted`	unknown	phase29bq_fast_gate_cases.tsv:90	accepted-typed-reject	callable-loop-handoff	D0-TYPED-REJECT	phase29bq_typed_terminal_source_backed_gate_mir	GENERIC-LEGACY-CORPUS-UNIVERSE-P0	-	-	-	-	-	-	-	-
case	selfhost_parse_program2_nested_loop_if_else_fallthrough_join_else_return_blockexpr_min	apps/tests/phase29bq_selfhost_blocker_parse_program2_nested_loop_if_else_fallthrough_join_else_return_blockexpr_min.hako	selfhost	fast-gate	expected=__EMPTY__;allowed_rc=0;planner=[joinir/planner_first rule=LoopSimpleWhile] label=LoopSimpleWhile	-	rejected	rejected	`nested-loop-profile-not-admitted`	unknown	phase29bq_fast_gate_cases.tsv:91	accepted-typed-reject	callable-loop-handoff	D0-TYPED-REJECT	phase29bq_typed_terminal_source_backed_gate_mir	GENERIC-LEGACY-CORPUS-UNIVERSE-P0	-	-	-	-	-	-	-	-
case	selfhost_parse_program2_nested_loop_if_else_fallthrough_join_else_return_blockexpr_var_min	apps/tests/phase29bq_selfhost_blocker_parse_program2_nested_loop_if_else_fallthrough_join_else_return_blockexpr_var_min.hako	selfhost	fast-gate	expected=__EMPTY__;allowed_rc=0;planner=[joinir/planner_first rule=LoopSimpleWhile] label=LoopSimpleWhile	-	rejected	rejected	`nested-loop-profile-not-admitted`	unknown	phase29bq_fast_gate_cases.tsv:92	accepted-typed-reject	callable-loop-handoff	D0-TYPED-REJECT	phase29bq_typed_terminal_source_backed_gate_mir	GENERIC-LEGACY-CORPUS-UNIVERSE-P0	-	-	-	-	-	-	-	-
case	selfhost_parse_program2_nested_loop_if_else_fallthrough_join_else_return_local_min	apps/tests/phase29bq_selfhost_blocker_parse_program2_nested_loop_if_else_fallthrough_join_else_return_local_min.hako	selfhost	fast-gate	expected=__EMPTY__;allowed_rc=0;planner=[joinir/planner_first rule=LoopSimpleWhile] label=LoopSimpleWhile	-	rejected	rejected	`nested-loop-profile-not-admitted`	unknown	phase29bq_fast_gate_cases.tsv:93	accepted-typed-reject	callable-loop-handoff	D0-TYPED-REJECT	phase29bq_typed_terminal_source_backed_gate_mir	GENERIC-LEGACY-CORPUS-UNIVERSE-P0	-	-	-	-	-	-	-	-
case	selfhost_parse_program2_nested_loop_if_else_fallthrough_join_return_blockexpr_min	apps/tests/phase29bq_selfhost_blocker_parse_program2_nested_loop_if_else_fallthrough_join_return_blockexpr_min.hako	selfhost	fast-gate	expected=__EMPTY__;allowed_rc=0;planner=[joinir/planner_first rule=LoopSimpleWhile] label=LoopSimpleWhile	-	rejected	rejected	`nested-loop-profile-not-admitted`	unknown	phase29bq_fast_gate_cases.tsv:94	accepted-typed-reject	callable-loop-handoff	D0-TYPED-REJECT	phase29bq_typed_terminal_source_backed_gate_mir	GENERIC-LEGACY-CORPUS-UNIVERSE-P0	-	-	-	-	-	-	-	-
case	selfhost_parse_program2_nested_loop_if_else_fallthrough_join_return_blockexpr_local_min	apps/tests/phase29bq_selfhost_blocker_parse_program2_nested_loop_if_else_fallthrough_join_return_blockexpr_local_min.hako	selfhost	fast-gate	expected=__EMPTY__;allowed_rc=0;planner=[joinir/planner_first rule=LoopSimpleWhile] label=LoopSimpleWhile	-	rejected	rejected	`nested-loop-profile-not-admitted`	unknown	phase29bq_fast_gate_cases.tsv:95	accepted-typed-reject	callable-loop-handoff	D0-TYPED-REJECT	phase29bq_typed_terminal_source_backed_gate_mir	GENERIC-LEGACY-CORPUS-UNIVERSE-P0	-	-	-	-	-	-	-	-
case	selfhost_parse_program2_nested_loop_if_else_fallthrough_join_return_blockexpr_local2_min	apps/tests/phase29bq_selfhost_blocker_parse_program2_nested_loop_if_else_fallthrough_join_return_blockexpr_local2_min.hako	selfhost	fast-gate	expected=__EMPTY__;allowed_rc=0;planner=[joinir/planner_first rule=LoopSimpleWhile] label=LoopSimpleWhile	-	rejected	rejected	`nested-loop-profile-not-admitted`	unknown	phase29bq_fast_gate_cases.tsv:96	accepted-typed-reject	callable-loop-handoff	D0-TYPED-REJECT	phase29bq_typed_terminal_source_backed_gate_mir	GENERIC-LEGACY-CORPUS-UNIVERSE-P0	-	-	-	-	-	-	-	-
case	selfhost_parse_program2_nested_loop_if_else_fallthrough_join_return_var_blockexpr_min	apps/tests/phase29bq_selfhost_blocker_parse_program2_nested_loop_if_else_fallthrough_join_return_var_blockexpr_min.hako	selfhost	fast-gate	expected=__EMPTY__;allowed_rc=0;planner=[joinir/planner_first rule=LoopSimpleWhile] label=LoopSimpleWhile	-	rejected	rejected	`nested-loop-profile-not-admitted`	unknown	phase29bq_fast_gate_cases.tsv:97	accepted-typed-reject	callable-loop-handoff	D0-TYPED-REJECT	phase29bq_typed_terminal_source_backed_gate_mir	GENERIC-LEGACY-CORPUS-UNIVERSE-P0	-	-	-	-	-	-	-	-
case	selfhost_parse_program2_nested_loop_if_else_fallthrough_join_return_local_blockexpr_min	apps/tests/phase29bq_selfhost_blocker_parse_program2_nested_loop_if_else_fallthrough_join_return_local_blockexpr_min.hako	selfhost	fast-gate	expected=__EMPTY__;allowed_rc=0;planner=[joinir/planner_first rule=LoopSimpleWhile] label=LoopSimpleWhile	-	rejected	rejected	`nested-loop-profile-not-admitted`	unknown	phase29bq_fast_gate_cases.tsv:98	accepted-typed-reject	callable-loop-handoff	D0-TYPED-REJECT	phase29bq_typed_terminal_source_backed_gate_mir	GENERIC-LEGACY-CORPUS-UNIVERSE-P0	-	-	-	-	-	-	-	-
case	selfhost_parse_program2_nested_loop_if_else_fallthrough_join_return_blockexpr_blockexpr_min	apps/tests/phase29bq_selfhost_blocker_parse_program2_nested_loop_if_else_fallthrough_join_return_blockexpr_blockexpr_min.hako	selfhost	fast-gate	expected=__EMPTY__;allowed_rc=0;planner=[joinir/planner_first rule=LoopSimpleWhile] label=LoopSimpleWhile	-	rejected	rejected	`nested-loop-profile-not-admitted`	unknown	phase29bq_fast_gate_cases.tsv:99	accepted-typed-reject	callable-loop-handoff	D0-TYPED-REJECT	phase29bq_typed_terminal_source_backed_gate_mir	GENERIC-LEGACY-CORPUS-UNIVERSE-P0	-	-	-	-	-	-	-	-
case	selfhost_parse_program2_nested_loop_if_else_fallthrough_join_return_blockexpr_var_min	apps/tests/phase29bq_selfhost_blocker_parse_program2_nested_loop_if_else_fallthrough_join_return_blockexpr_var_min.hako	selfhost	fast-gate	expected=__EMPTY__;allowed_rc=0;planner=[joinir/planner_first rule=LoopSimpleWhile] label=LoopSimpleWhile	-	rejected	rejected	`nested-loop-profile-not-admitted`	unknown	phase29bq_fast_gate_cases.tsv:100	accepted-typed-reject	callable-loop-handoff	D0-TYPED-REJECT	phase29bq_typed_terminal_source_backed_gate_mir	GENERIC-LEGACY-CORPUS-UNIVERSE-P0	-	-	-	-	-	-	-	-
case	selfhost_parser_stmt_equals_min	apps/tests/phase29bq_selfhost_blocker_parser_stmt_equals_min.hako	selfhost	fast-gate	expected=__EMPTY__;allowed_rc=1;planner=StepTree root for 'ParserStmtBox.equals/1'	-	failed-before-loop	rejected	`mir/main-qualified-recipe/relation-missing`	unknown	phase29bq_fast_gate_cases.tsv:101	nonproduction-future-evidence	mir/main-qualified-recipe	D0-PRE-LOOP-EVIDENCE	phase29bq_typed_terminal_source_backed_gate_mir	GENERIC-LEGACY-CORPUS-UNIVERSE-P0	-	-	-	-	-	-	-	-
case	selfhost_parse_program2_loop_min	apps/tests/phase29bq_selfhost_blocker_parse_program2_loop_min.hako	selfhost	fast-gate	expected=1;allowed_rc=0;planner=[flowbox/adopt box_kind=Loop features=break,nested_loop via=shadow]	-	rejected	rejected	`nested-loop-profile-not-admitted`	unknown	phase29bq_fast_gate_cases.tsv:102	accepted-typed-reject	callable-loop-handoff	D0-TYPED-REJECT	phase29bq_typed_terminal_source_backed_gate_mir	GENERIC-LEGACY-CORPUS-UNIVERSE-P0	-	-	-	-	-	-	-	-
case	selfhost_parse_program2_loop_if_fallthrough_join_min	apps/tests/phase29bq_selfhost_blocker_parse_program2_loop_if_fallthrough_join_min.hako	selfhost	fast-gate	expected=1;allowed_rc=0;planner=[joinir/planner_first rule=LoopCondBreak] label=LoopExitIfBreakContinue	-	rejected	rejected	`route-not-front-selected LoopCondRouteRejected(SourceItemsMissing)` site=Body(1)	unknown	phase29bq_fast_gate_cases.tsv:103	accepted-typed-reject	callable-loop	D0-TYPED-REJECT	phase29bq_typed_terminal_source_backed_gate_mir	GENERIC-LEGACY-CORPUS-UNIVERSE-P0	-	-	-	-	-	-	-	-
case	selfhost_parse_program2_loop_if_return_min	apps/tests/phase29bq_selfhost_blocker_parse_program2_loop_if_return_min.hako	selfhost	fast-gate	expected=__EMPTY__;allowed_rc=0;planner=[joinir/planner_first rule=LoopCondReturnInBody] label=LoopReturnInBody	-	rejected	rejected	`route-not-front-selected GenericLoopV1NotSelected` site=Body(1)	unknown	phase29bq_fast_gate_cases.tsv:104	accepted-typed-reject	callable-loop	D0-TYPED-REJECT	phase29bq_typed_terminal_source_backed_gate_mir	GENERIC-LEGACY-CORPUS-UNIVERSE-P0	-	-	-	-	-	-	-	-
case	selfhost_parse_program2_loop_if_return_var_min	apps/tests/phase29bq_selfhost_blocker_parse_program2_loop_if_return_var_min.hako	selfhost	fast-gate	expected=__EMPTY__;allowed_rc=0;planner=[joinir/planner_first rule=LoopCondReturnInBody] label=LoopReturnInBody	-	rejected	rejected	`route-not-front-selected GenericLoopV1NotSelected` site=Body(1)	unknown	phase29bq_fast_gate_cases.tsv:105	accepted-typed-reject	callable-loop	D0-TYPED-REJECT	phase29bq_typed_terminal_source_backed_gate_mir	GENERIC-LEGACY-CORPUS-UNIVERSE-P0	-	-	-	-	-	-	-	-
case	selfhost_parse_program2_loop_if_return_local_min	apps/tests/phase29bq_selfhost_blocker_parse_program2_loop_if_return_local_min.hako	selfhost	fast-gate	expected=__EMPTY__;allowed_rc=0;planner=[flowbox/adopt box_kind=Loop features=return via=shadow]	-	accepted	accepted	canonical-main	unknown	phase29bq_fast_gate_cases.tsv:106	portable-owner	canonical-main	D0-DISPOSITION-CHECKED	not-run	GENERIC-LEGACY-CORPUS-UNIVERSE-P0	-	-	-	-	-	-	-	-
case	selfhost_parse_program2_loop_continue_if_min	apps/tests/phase29bq_selfhost_blocker_parse_program2_loop_continue_if_min.hako	selfhost	fast-gate	expected=1;allowed_rc=0;planner=[flowbox/adopt box_kind=Loop features=break,continue,nested_loop via=shadow]	-	rejected	rejected	`nested-loop-profile-not-admitted`	unknown	phase29bq_fast_gate_cases.tsv:107	accepted-typed-reject	callable-loop-handoff	D0-TYPED-REJECT	phase29bq_typed_terminal_source_backed_gate_mir	GENERIC-LEGACY-CORPUS-UNIVERSE-P0	-	-	-	-	-	-	-	-
case	selfhost_parse_program2_loop_if_else_return_min	apps/tests/phase29bq_selfhost_blocker_parse_program2_loop_if_else_return_min.hako	selfhost	fast-gate	expected=__EMPTY__;allowed_rc=0;planner=[joinir/planner_first rule=LoopCondReturnInBody] label=LoopReturnInBody	-	rejected	rejected	`callable-loop-handoff/carrier-cardinality`	unknown	phase29bq_fast_gate_cases.tsv:108	accepted-typed-reject	callable-loop-handoff	D0-TYPED-REJECT	phase29bq_typed_terminal_source_backed_gate_mir	GENERIC-LEGACY-CORPUS-UNIVERSE-P0	-	-	-	-	-	-	-	-
case	selfhost_parse_program2_loop_if_else_return_var_min	apps/tests/phase29bq_selfhost_blocker_parse_program2_loop_if_else_return_var_min.hako	selfhost	fast-gate	expected=__EMPTY__;allowed_rc=0;planner=[joinir/planner_first rule=LoopCondReturnInBody] label=LoopReturnInBody	-	rejected	rejected	`callable-loop-handoff/carrier-cardinality`	unknown	phase29bq_fast_gate_cases.tsv:109	accepted-typed-reject	callable-loop-handoff	D0-TYPED-REJECT	phase29bq_typed_terminal_source_backed_gate_mir	GENERIC-LEGACY-CORPUS-UNIVERSE-P0	-	-	-	-	-	-	-	-
case	selfhost_parse_program2_loop_if_else_return_local_min	apps/tests/phase29bq_selfhost_blocker_parse_program2_loop_if_else_return_local_min.hako	selfhost	fast-gate	expected=__EMPTY__;allowed_rc=0;planner=[joinir/planner_first rule=LoopCondReturnInBody] label=LoopReturnInBody	-	rejected	rejected	`callable-loop-handoff/carrier-cardinality`	unknown	phase29bq_fast_gate_cases.tsv:110	accepted-typed-reject	callable-loop-handoff	D0-TYPED-REJECT	phase29bq_typed_terminal_source_backed_gate_mir	GENERIC-LEGACY-CORPUS-UNIVERSE-P0	-	-	-	-	-	-	-	-
case	selfhost_parse_program2_loop_if_else_if_return_min	apps/tests/phase29bq_selfhost_blocker_parse_program2_loop_if_else_if_return_min.hako	selfhost	fast-gate	expected=__EMPTY__;allowed_rc=0;planner=[joinir/planner_first rule=LoopCondReturnInBody] label=LoopReturnInBody	-	rejected	rejected	`callable-loop-handoff/carrier-cardinality`	unknown	phase29bq_fast_gate_cases.tsv:111	accepted-typed-reject	callable-loop-handoff	D0-TYPED-REJECT	phase29bq_typed_terminal_source_backed_gate_mir	GENERIC-LEGACY-CORPUS-UNIVERSE-P0	-	-	-	-	-	-	-	-
case	selfhost_parse_program2_loop_if_else_if_else_return_min	apps/tests/phase29bq_selfhost_blocker_parse_program2_loop_if_else_if_else_return_min.hako	selfhost	fast-gate	expected=__EMPTY__;allowed_rc=0;planner=[joinir/planner_first rule=LoopCondReturnInBody] label=LoopReturnInBody	-	rejected	rejected	`carrier-cardinality`	unknown	phase29bq_fast_gate_cases.tsv:112	accepted-typed-reject	callable-loop-handoff	D0-TYPED-REJECT	phase29bq_typed_terminal_source_backed_gate_mir	GENERIC-LEGACY-CORPUS-UNIVERSE-P0	-	-	-	-	-	-	-	-
case	selfhost_parse_program2_guard_prog_numeric_parse_loop_min	apps/tests/phase29bq_selfhost_blocker_parse_program2_guard_prog_numeric_parse_loop_min.hako	selfhost	fast-gate	expected=5;allowed_rc=0;planner=[flowbox/adopt box_kind=Loop features=break via=shadow]	-	rejected	rejected	`qualified-preflight actual=Loop` site=Body(5)	unknown	phase29bq_fast_gate_cases.tsv:113	accepted-typed-reject	qualified-preflight	D0-TYPED-REJECT	phase29bq_typed_terminal_source_backed_gate_mir	GENERIC-LEGACY-CORPUS-UNIVERSE-P0	-	-	-	-	-	-	-	-
case	selfhost_read_next_number_literal_staged_loop_break_min	apps/tests/phase29bq_selfhost_blocker_read_next_number_literal_staged_loop_break_min.hako	selfhost	fast-gate	expected=123;allowed_rc=0;planner=[joinir/planner_first rule=LoopSimpleWhile] label=LoopSimpleWhile|[flowbox/adopt box_kind=Loop features=break via=shadow]	-	failed-before-loop	rejected	`mir/main-import-view/selected-header-missing`	unknown	phase29bq_fast_gate_cases.tsv:114	nonproduction-future-evidence	mir/main-import-view	D0-PRE-LOOP-EVIDENCE	phase29bq_typed_terminal_source_backed_gate_mir	GENERIC-LEGACY-CORPUS-UNIVERSE-P0	-	-	-	-	-	-	-	-
case	selfhost_read_number_sign_break_fullish_min	apps/tests/phase29bq_selfhost_blocker_read_number_sign_break_fullish_min.hako	selfhost	fast-gate	expected=-123;allowed_rc=0;planner=[joinir/planner_first rule=LoopSimpleWhile] label=LoopSimpleWhile|[flowbox/adopt box_kind=Loop features=break via=shadow]	-	failed-before-loop	rejected	`mir/main-import-view/selected-header-missing`	unknown	phase29bq_fast_gate_cases.tsv:115	nonproduction-future-evidence	mir/main-import-view	D0-PRE-LOOP-EVIDENCE	phase29bq_typed_terminal_source_backed_gate_mir	GENERIC-LEGACY-CORPUS-UNIVERSE-P0	-	-	-	-	-	-	-	-
case	selfhost_read_number_decimal_exponent_min	apps/tests/phase29bq_selfhost_blocker_read_number_decimal_exponent_min.hako	selfhost	fast-gate	expected=9;allowed_rc=0;planner=[joinir/planner_first rule=LoopSimpleWhile] label=LoopSimpleWhile	-	failed-before-loop	rejected	`mir/main-import-view/selected-header-missing`	unknown	phase29bq_fast_gate_cases.tsv:116	nonproduction-future-evidence	mir/main-import-view	D0-PRE-LOOP-EVIDENCE	phase29bq_typed_terminal_source_backed_gate_mir	GENERIC-LEGACY-CORPUS-UNIVERSE-P0	-	-	-	-	-	-	-	-
case	selfhost_scanner_multi_exit_min	apps/tests/phase29bq_selfhost_blocker_scanner_multi_exit_min.hako	selfhost	fast-gate	expected=-4;allowed_rc=0;planner=[joinir/planner_first rule=LoopSimpleWhile] label=LoopSimpleWhile	-	failed-before-loop	rejected	`mir/main-import-view/selected-header-missing`	unknown	phase29bq_fast_gate_cases.tsv:117	nonproduction-future-evidence	mir/main-import-view	D0-PRE-LOOP-EVIDENCE	phase29bq_typed_terminal_source_backed_gate_mir	GENERIC-LEGACY-CORPUS-UNIVERSE-P0	-	-	-	-	-	-	-	-
case	selfhost_read_number_continue_staged_min	apps/tests/phase29bq_selfhost_blocker_read_number_continue_staged_min.hako	selfhost	fast-gate	expected=3;allowed_rc=0;planner=[flowbox/adopt box_kind=Loop features=break,continue via=shadow]	-	rejected	rejected	`callable-loop-handoff/incomplete-binding-coverage`	unknown	phase29bq_fast_gate_cases.tsv:118	accepted-typed-reject	callable-loop-handoff	D0-TYPED-REJECT	phase29bq_typed_terminal_source_backed_gate_mir	GENERIC-LEGACY-CORPUS-UNIVERSE-P0	-	-	-	-	-	-	-	-
case	selfhost_parse_expr2_min	apps/tests/phase29bq_selfhost_blocker_parse_expr2_min.hako	selfhost	fast-gate	expected=P;allowed_rc=0;planner=[joinir/planner_first rule=LoopTrueBreak] label=LoopTrueBreakContinue	-	rejected	rejected	`qualified-preflight actual=Loop` site=Body(2)	unknown	phase29bq_fast_gate_cases.tsv:119	accepted-typed-reject	qualified-preflight	D0-TYPED-REJECT	phase29bq_typed_terminal_source_backed_gate_mir	GENERIC-LEGACY-CORPUS-UNIVERSE-P0	-	-	-	-	-	-	-	-
case	selfhost_parse_if_min	apps/tests/phase29bq_selfhost_blocker_parse_if_min.hako	selfhost	fast-gate	expected=P;allowed_rc=0;planner=StepTree root for 'Main.equals/1'	-	failed-before-loop	rejected	`qualified-preflight actual=Print` site=Body(10)	unknown	phase29bq_fast_gate_cases.tsv:120	nonproduction-future-evidence	qualified-preflight	D0-PRE-LOOP-EVIDENCE	phase29bq_typed_terminal_source_backed_gate_mir	GENERIC-LEGACY-CORPUS-UNIVERSE-P0	-	-	-	-	-	-	-	-
case	selfhost_generic_loop_print_min	apps/tests/phase29bq_selfhost_blocker_generic_loop_print_min.hako	selfhost	fast-gate	expected=P;allowed_rc=0;planner=[joinir/planner_first rule=LoopSimpleWhile] label=LoopSimpleWhile	-	rejected	rejected	`callable-loop/recipe source-unsupported-body-statement`	unknown	phase29bq_fast_gate_cases.tsv:121	accepted-typed-reject	callable-loop	D0-TYPED-REJECT	phase29bq_typed_terminal_source_backed_gate_mir	GENERIC-LEGACY-CORPUS-UNIVERSE-P0	-	-	-	-	-	-	-	-
case	generic_loop_v1_local_def_continue_min	apps/tests/phase29bq_generic_loop_v1_local_def_continue_min.hako	generic-fixture	fast-gate	expected=3;allowed_rc=0;planner=[joinir/planner_first rule=LoopCondContinueOnly] label=LoopContinueOnly	-	failed-before-loop	rejected	`[mir/callable-main/qualified-preflight] expression_not_in_first_family actual=ArrayLiteral site	unknown	phase29bq_fast_gate_cases.tsv:122	nonproduction-future-evidence	qualified-preflight	D0-PRE-LOOP-EVIDENCE	phase29bq_typed_terminal_source_backed_gate_mir	GENERIC-LEGACY-CORPUS-UNIVERSE-P0	-	-	-	-	-	-	-	-
case	generic_loop_v1_nested_min	apps/tests/phase29bq_generic_loop_v1_nested_min.hako	generic-fixture	fast-gate	expected=1;allowed_rc=0;planner=[joinir/planner_first rule=LoopSimpleWhile] label=LoopSimpleWhile	-	failed-before-loop	rejected	`[mir/normal-root/consume] SourcePolicy(MainMustBeStatic)`	unknown	phase29bq_fast_gate_cases.tsv:123	nonproduction-future-evidence	mir/normal-root	D0-PRE-LOOP-EVIDENCE	phase29bq_typed_terminal_source_backed_gate_mir	GENERIC-LEGACY-CORPUS-UNIVERSE-P0	-	-	-	-	-	-	-	-
case	cond_truthiness_value	apps/tests/phase29bq_cond_truthiness_value_min.hako	phase29bq	fast-gate	expected=12345;allowed_rc=0;planner=StepTree root for 'Main.equals/1'	-	accepted	accepted	canonical-main	unknown	phase29bq_fast_gate_cases.tsv:124	portable-owner	canonical-main	D0-DISPOSITION-CHECKED	not-run	GENERIC-LEGACY-CORPUS-UNIVERSE-P0	-	-	-	-	-	-	-	-
case	cond_truthiness_null	apps/tests/phase29bq_cond_truthiness_null_min.hako	phase29bq	fast-gate	expected=[ERROR] ❌ [vm] VM error: Type error: Void in boolean context;allowed_rc=1;planner=StepTree root for 'Main.equals/1'	-	accepted	accepted	canonical-main	unknown	phase29bq_fast_gate_cases.tsv:125	portable-owner	canonical-main	D0-DISPOSITION-CHECKED	not-run	GENERIC-LEGACY-CORPUS-UNIVERSE-P0	-	-	-	-	-	-	-	-
case	selfhost_scan_methods_nested_loop_depth1_no_break_or_continue_min	apps/tests/phase29bq_selfhost_blocker_scan_methods_nested_loop_depth1_no_break_or_continue_min.hako	selfhost	fast-gate	expected=0;allowed_rc=0;planner=[flowbox/adopt box_kind=Loop features=break,nested_loop via=shadow]	-	failed-before-loop	rejected	`qualified-preflight actual=UnaryOp` site=Body(5) Init	unknown	phase29bq_fast_gate_cases.tsv:126	nonproduction-future-evidence	qualified-preflight	D0-PRE-LOOP-EVIDENCE	phase29bq_typed_terminal_source_backed_gate_mir	GENERIC-LEGACY-CORPUS-UNIVERSE-P0	-	-	-	-	-	-	-	-
case	selfhost_scan_methods_nested_loop_depth1_no_break_or_continue_pure_min	apps/tests/phase29bq_selfhost_blocker_scan_methods_nested_loop_depth1_no_break_or_continue_pure_min.hako	selfhost	fast-gate	expected=0;allowed_rc=0;planner=[flowbox/adopt box_kind=Loop features=break,nested_loop via=shadow]	-	rejected	rejected	`nested-loop-profile-not-admitted`	unknown	phase29bq_fast_gate_cases.tsv:127	accepted-typed-reject	callable-loop-handoff	D0-TYPED-REJECT	phase29bq_typed_terminal_source_backed_gate_mir	GENERIC-LEGACY-CORPUS-UNIVERSE-P0	-	-	-	-	-	-	-	-
case	selfhost_scan_methods_nested_loop_state_machine_min	apps/tests/phase29bq_selfhost_blocker_scan_methods_nested_loop_state_machine_min.hako	selfhost	fast-gate	expected=2;allowed_rc=0;planner=[flowbox/adopt box_kind=Loop features=break,nested_loop via=shadow]	-	rejected	rejected	`semantic-package LoopBreakSource Composite(ForestLookup)`	unknown	phase29bq_fast_gate_cases.tsv:128	accepted-typed-reject	semantic-package	D0-TYPED-REJECT	phase29bq_typed_terminal_source_backed_gate_mir	GENERIC-LEGACY-CORPUS-UNIVERSE-P0	-	-	-	-	-	-	-	-
case	selfhost_scan_methods_nested_loop_cluster3_min	apps/tests/phase29bq_selfhost_blocker_scan_methods_nested_loop_cluster3_min.hako	selfhost	fast-gate	expected=0;allowed_rc=0;planner=[flowbox/adopt box_kind=Loop features=break,nested_loop via=shadow]	-	rejected	rejected	`LoopBreakSource Composite(ForestLookup)`	unknown	phase29bq_fast_gate_cases.tsv:129	accepted-typed-reject	semantic-package	D0-TYPED-REJECT	phase29bq_typed_terminal_source_backed_gate_mir	GENERIC-LEGACY-CORPUS-UNIVERSE-P0	-	-	-	-	-	-	-	-
case	selfhost_scan_methods_nested_loop_idx19_min	apps/tests/phase29bq_selfhost_blocker_scan_methods_nested_loop_idx19_min.hako	selfhost	fast-gate	expected=OK;allowed_rc=0;planner=[flowbox/adopt box_kind=Loop features=break,continue,nested_loop via=shadow]	-	rejected	rejected	`LoopBreakSource Composite(ForestLookup)`	unknown	phase29bq_fast_gate_cases.tsv:130	accepted-typed-reject	semantic-package	D0-TYPED-REJECT	phase29bq_typed_terminal_source_backed_gate_mir	GENERIC-LEGACY-CORPUS-UNIVERSE-P0	-	-	-	-	-	-	-	-
case	selfhost_scan_methods_nested_loop_idx28_min	apps/tests/phase29bq_selfhost_blocker_scan_methods_nested_loop_idx28_min.hako	selfhost	fast-gate	expected=OK;allowed_rc=0;planner=[flowbox/adopt box_kind=Loop features=break,continue,nested_loop via=shadow]	-	rejected	rejected	`LoopBreakSource Composite(ForestLookup)`	unknown	phase29bq_fast_gate_cases.tsv:131	accepted-typed-reject	semantic-package	D0-TYPED-REJECT	phase29bq_typed_terminal_source_backed_gate_mir	GENERIC-LEGACY-CORPUS-UNIVERSE-P0	-	-	-	-	-	-	-	-
case	selfhost_scan_methods_nested_loop_idx35_min	apps/tests/phase29bq_selfhost_blocker_scan_methods_nested_loop_idx35_min.hako	selfhost	fast-gate	expected=OK;allowed_rc=0;planner=[flowbox/adopt box_kind=Loop features=break,nested_loop via=shadow]	-	rejected	rejected	`LoopBreakSource Composite(ForestLookup)`	unknown	phase29bq_fast_gate_cases.tsv:132	accepted-typed-reject	semantic-package	D0-TYPED-REJECT	phase29bq_typed_terminal_source_backed_gate_mir	GENERIC-LEGACY-CORPUS-UNIVERSE-P0	-	-	-	-	-	-	-	-
case	selfhost_scan_all_boxes_empty_then_min	apps/tests/phase29bq_selfhost_blocker_scan_all_boxes_empty_then_min.hako	selfhost	fast-gate	expected=0;allowed_rc=0;planner=[flowbox/adopt box_kind=Loop features=break via=shadow]	-	rejected	rejected	`callable-loop/recipe source-unsupported-body-statement`	unknown	phase29bq_fast_gate_cases.tsv:133	accepted-typed-reject	callable-loop	D0-TYPED-REJECT	phase29bq_typed_terminal_source_backed_gate_mir	GENERIC-LEGACY-CORPUS-UNIVERSE-P0	-	-	-	-	-	-	-	-
case	selfhost_scan_all_boxes_program_stmt_min	apps/tests/phase29bq_selfhost_blocker_scan_all_boxes_program_stmt_min.hako	selfhost	fast-gate	expected=0;allowed_rc=0;planner=[flowbox/adopt box_kind=Loop features=break via=shadow]	-	rejected	rejected	`route-not-front-selected CarrierRelation(DeclarationCoverage)` site=Body(2)	unknown	phase29bq_fast_gate_cases.tsv:134	accepted-typed-reject	callable-loop	D0-TYPED-REJECT	phase29bq_typed_terminal_source_backed_gate_mir	GENERIC-LEGACY-CORPUS-UNIVERSE-P0	-	-	-	-	-	-	-	-
case	selfhost_scan_all_boxes_program_stmt_if_nested_program_min	apps/tests/phase29bq_selfhost_blocker_scan_all_boxes_program_stmt_if_nested_program_min.hako	selfhost	fast-gate	expected=4;allowed_rc=0;planner=[joinir/planner_first rule=LoopSimpleWhile] label=LoopSimpleWhile	-	rejected	rejected	`route-not-front-selected CarrierRelation(TargetCoverage)` site=Body(2)	unknown	phase29bq_fast_gate_cases.tsv:135	accepted-typed-reject	callable-loop	D0-TYPED-REJECT	phase29bq_typed_terminal_source_backed_gate_mir	GENERIC-LEGACY-CORPUS-UNIVERSE-P0	-	-	-	-	-	-	-	-
case	selfhost_scan_all_boxes_return_in_debug_guard_min	apps/tests/phase29bq_selfhost_blocker_scan_all_boxes_return_in_debug_guard_min.hako	selfhost	fast-gate	expected=3;allowed_rc=0;planner=[flowbox/adopt box_kind=Loop features= via=shadow]	-	rejected	rejected	`route-not-front-selected CarrierRelation(DeclarationCoverage)` site=Body(2)	unknown	phase29bq_fast_gate_cases.tsv:136	accepted-typed-reject	callable-loop	D0-TYPED-REJECT	phase29bq_typed_terminal_source_backed_gate_mir	GENERIC-LEGACY-CORPUS-UNIVERSE-P0	-	-	-	-	-	-	-	-
case	selfhost_phi_missing_step_join_cursor_min	apps/tests/phase29bq_selfhost_blocker_phi_missing_step_join_cursor_min.hako	selfhost	fast-gate	expected=0;allowed_rc=0;planner=[joinir/planner_first rule=LoopCondBreak] label=LoopExitIfBreakContinue	-	rejected	rejected	`route-not-front-selected CarrierRelation(MissingIncrement)` site=Body(2)	unknown	phase29bq_fast_gate_cases.tsv:137	accepted-typed-reject	callable-loop	D0-TYPED-REJECT	phase29bq_typed_terminal_source_backed_gate_mir	GENERIC-LEGACY-CORPUS-UNIVERSE-P0	-	-	-	-	-	-	-	-
case	return_continue_hetero_simple	apps/tests/phase29bq_selfhost_blocker_return_continue_hetero_simple.hako	selfhost	fast-gate	expected=-1;allowed_rc=0;planner=[joinir/planner_first rule=LoopCondContinueWithReturn] label=LoopContinueWithReturn	-	failed-before-loop	rejected	`qualified-preflight actual=New` site=Body(0) Init	unknown	phase29bq_fast_gate_cases.tsv:138	nonproduction-future-evidence	qualified-preflight	D0-PRE-LOOP-EVIDENCE	phase29bq_typed_terminal_source_backed_gate_mir	GENERIC-LEGACY-CORPUS-UNIVERSE-P0	-	-	-	-	-	-	-	-
case	selfhost_seek_array_end_return_if_min	apps/tests/phase29bq_selfhost_blocker_seek_array_end_return_if_min.hako	selfhost	fast-gate	expected=0;allowed_rc=0;planner=[joinir/planner_first rule=LoopCondReturnInBody] label=LoopReturnInBody|[joinir/planner_first rule=LoopCondBreak] label=LoopExitIfBreakContinue	-	failed-before-loop	rejected	`qualified-preflight actual=New` site=Body(0) Init	unknown	phase29bq_fast_gate_cases.tsv:139	nonproduction-future-evidence	qualified-preflight	D0-PRE-LOOP-EVIDENCE	phase29bq_typed_terminal_source_backed_gate_mir	GENERIC-LEGACY-CORPUS-UNIVERSE-P0	-	-	-	-	-	-	-	-
case	selfhost_extract_body_brace_return_min	apps/tests/phase29bq_selfhost_blocker_extract_body_brace_return_min.hako	selfhost	fast-gate	expected=1;allowed_rc=0;planner=[joinir/planner_first rule=LoopCondReturnInBody] label=LoopReturnInBody|[joinir/planner_first rule=LoopCondBreak] label=LoopExitIfBreakContinue	-	failed-before-loop	rejected	`mir/main-import-view/selected-header-missing`	unknown	phase29bq_fast_gate_cases.tsv:140	nonproduction-future-evidence	mir/main-import-view	D0-PRE-LOOP-EVIDENCE	phase29bq_typed_terminal_source_backed_gate_mir	GENERIC-LEGACY-CORPUS-UNIVERSE-P0	-	-	-	-	-	-	-	-
case	decode_escapes_if_idx12_min	apps/tests/phase29bq_selfhost_blocker_decode_escapes_if_idx12_min.hako	selfhost	fast-gate	expected=0;allowed_rc=0;planner=[joinir/planner_first rule=LoopCondContinueOnly] label=LoopContinueOnly	-	rejected	rejected	`qualified-preflight actual=Loop` site=Body(4)	unknown	phase29bq_fast_gate_cases.tsv:141	accepted-typed-reject	qualified-preflight	D0-TYPED-REJECT	phase29bq_typed_terminal_source_backed_gate_mir	GENERIC-LEGACY-CORPUS-UNIVERSE-P0	-	-	-	-	-	-	-	-
case	decode_escapes_group_if_fallthrough	apps/tests/phase29bq_selfhost_blocker_decode_escapes_group_if_fallthrough_mutation_min.hako	selfhost	fast-gate	expected=0;allowed_rc=0;planner=[joinir/planner_first rule=LoopCondContinueOnly] label=LoopContinueOnly	-	rejected	rejected	`nested-loop-profile-not-admitted`	unknown	phase29bq_fast_gate_cases.tsv:142	accepted-typed-reject	callable-loop-handoff	D0-TYPED-REJECT	phase29bq_typed_terminal_source_backed_gate_mir	GENERIC-LEGACY-CORPUS-UNIVERSE-P0	-	-	-	-	-	-	-	-
case	while_cap	apps/tests/phase29bq_selfhost_blocker_while_cap_min.hako	selfhost	fast-gate	expected=10;allowed_rc=0;planner=[joinir/planner_first rule=LoopSimpleWhile] label=LoopSimpleWhile	-	failed-before-loop	rejected	same parser grammar-contract reject at `while`	unknown	phase29bq_fast_gate_cases.tsv:143	nonproduction-future-evidence	parser	D0-PRE-LOOP-EVIDENCE	phase29bq_typed_terminal_source_backed_gate_mir	GENERIC-LEGACY-CORPUS-UNIVERSE-P0	-	-	-	-	-	-	-	-
case	scan_loop_v0_comma_close_min	apps/tests/phase29bq_joinir_scan_loop_comma_close_min.hako	phase29bq	fast-gate	expected=0;allowed_rc=0;planner=[joinir/planner_first rule=LoopSimpleWhile] label=LoopSimpleWhile|[flowbox/adopt box_kind=Loop features=break,continue via=shadow]	-	failed-before-loop	rejected	`qualified-preflight expression_not_in_first_family actual=New` site=Body(0)	unknown	phase29bq_fast_gate_cases.tsv:144	nonproduction-future-evidence	qualified-preflight	D0-PRE-LOOP-EVIDENCE	phase29bq_typed_terminal_source_backed_gate_mir	GENERIC-LEGACY-CORPUS-UNIVERSE-P0	-	-	-	-	-	-	-	-
case	scan_loop_v0_lte_n_minus1_min	apps/tests/phase29bq_joinir_scan_loop_range_lte_minus1_min.hako	phase29bq	fast-gate	expected=0;allowed_rc=0;planner=[joinir/planner_first rule=LoopSimpleWhile] label=LoopSimpleWhile|[flowbox/adopt box_kind=Loop features=break,continue via=shadow]	-	failed-before-loop	rejected	`parser/while_legacy_replaced_by_loop_condition` line 10	unknown	phase29bq_fast_gate_cases.tsv:145	nonproduction-future-evidence	parser	D0-PRE-LOOP-EVIDENCE	phase29bq_typed_terminal_source_backed_gate_mir	GENERIC-LEGACY-CORPUS-UNIVERSE-P0	-	-	-	-	-	-	-	-
case	selfhost_blocker_scan_methods_loop_min	apps/tests/phase29bq_selfhost_blocker_scan_methods_loop_min.hako	selfhost	fast-gate	expected=0;allowed_rc=0;planner=[joinir/planner_first rule=LoopSimpleWhile] label=LoopSimpleWhile	-	rejected	rejected	`semantic-package LoopBreakSource ForestBinding UnsupportedAncestor`	unknown	phase29bq_fast_gate_cases.tsv:146	accepted-typed-reject	semantic-package	D0-TYPED-REJECT	phase29bq_typed_terminal_source_backed_gate_mir	GENERIC-LEGACY-CORPUS-UNIVERSE-P0	-	-	-	-	-	-	-	-
case	selfhost_collect_using_entries_loop_min	apps/tests/phase29bq_selfhost_blocker_collect_using_entries_loop_min.hako	selfhost	fast-gate	expected=0;allowed_rc=0;planner=[joinir/planner_first rule=LoopSimpleWhile] label=LoopSimpleWhile	-	failed-before-loop	rejected	`semantic-package CoreMethodSource NamedArray(TextSourceMissing)`	unknown	phase29bq_fast_gate_cases.tsv:147	nonproduction-future-evidence	semantic-package	D0-PRE-LOOP-EVIDENCE	phase29bq_typed_terminal_source_backed_gate_mir	GENERIC-LEGACY-CORPUS-UNIVERSE-P0	-	-	-	-	-	-	-	-
case	selfhost_decode_escapes_loop_min	apps/tests/phase29bq_selfhost_blocker_decode_escapes_loop_min.hako	selfhost	fast-gate	expected=57005;allowed_rc=0;planner=[joinir/planner_first rule=LoopSimpleWhile] label=LoopSimpleWhile	-	failed-before-loop	rejected	`mir/normal-root/consume MainMustBeStatic`	unknown	phase29bq_fast_gate_cases.tsv:148	nonproduction-future-evidence	mir/normal-root	D0-PRE-LOOP-EVIDENCE	phase29bq_typed_terminal_source_backed_gate_mir	GENERIC-LEGACY-CORPUS-UNIVERSE-P0	-	-	-	-	-	-	-	-
case	phi_injector_len_loop	apps/tests/phase29bq_selfhost_blocker_phi_injector_collect_phi_vars_len_loop_min.hako	selfhost	fast-gate	expected=60;allowed_rc=0;planner=[joinir/planner_first rule=LoopSimpleWhile] label=LoopSimpleWhile	-	failed-before-loop	rejected	`qualified-preflight actual=New` site=Body(0) Init	unknown	phase29bq_fast_gate_cases.tsv:149	nonproduction-future-evidence	qualified-preflight	D0-PRE-LOOP-EVIDENCE	phase29bq_typed_terminal_source_backed_gate_mir	GENERIC-LEGACY-CORPUS-UNIVERSE-P0	-	-	-	-	-	-	-	-
case	phi_injector_var_step_len_loop	apps/tests/phase29bq_selfhost_blocker_phi_injector_collect_phi_vars_var_step_len_loop_min.hako	selfhost	fast-gate	expected=10;allowed_rc=0;planner=[joinir/planner_first rule=LoopSimpleWhile] label=LoopSimpleWhile	-	failed-before-loop	rejected	`qualified-preflight actual=New` site=Body(0) Init	unknown	phase29bq_fast_gate_cases.tsv:150	nonproduction-future-evidence	qualified-preflight	D0-PRE-LOOP-EVIDENCE	phase29bq_typed_terminal_source_backed_gate_mir	GENERIC-LEGACY-CORPUS-UNIVERSE-P0	-	-	-	-	-	-	-	-
case	selfhost_phi_injector_k_loop_no_exit_min	apps/tests/phase29bq_selfhost_blocker_phi_injector_collect_phi_vars_k_loop_no_exit_min.hako	selfhost	fast-gate	expected=6;allowed_rc=0;planner=[joinir/planner_first rule=LoopSimpleWhile] label=LoopSimpleWhile	-	failed-before-loop	rejected	`qualified-preflight actual=New` site=Body(0) Init	unknown	phase29bq_fast_gate_cases.tsv:151	nonproduction-future-evidence	qualified-preflight	D0-PRE-LOOP-EVIDENCE	phase29bq_typed_terminal_source_backed_gate_mir	GENERIC-LEGACY-CORPUS-UNIVERSE-P0	-	-	-	-	-	-	-	-
case	selfhost_phi_collect_outer_loop_min	apps/tests/phase29bq_selfhost_blocker_phi_collect_outer_loop_min.hako	selfhost	fast-gate	expected=6;allowed_rc=0;planner=[joinir/planner_first rule=LoopSimpleWhile] label=LoopSimpleWhile	-	failed-before-loop	rejected	`qualified-preflight actual=New` site=Body(0) Init	unknown	phase29bq_fast_gate_cases.tsv:152	nonproduction-future-evidence	qualified-preflight	D0-PRE-LOOP-EVIDENCE	phase29bq_typed_terminal_source_backed_gate_mir	GENERIC-LEGACY-CORPUS-UNIVERSE-P0	-	-	-	-	-	-	-	-
case	phi_injector_nested_loop_no_exit_var_step_min	apps/tests/phase29bq_selfhost_blocker_phi_injector_collect_phi_vars_nested_loop_no_exit_var_step_min.hako	selfhost	fast-gate	expected=18;allowed_rc=0;planner=[joinir/planner_first rule=LoopSimpleWhile] label=LoopSimpleWhile	-	failed-before-loop	rejected	`qualified-preflight actual=New` site=Body(0) Init	unknown	phase29bq_fast_gate_cases.tsv:153	nonproduction-future-evidence	qualified-preflight	D0-PRE-LOOP-EVIDENCE	phase29bq_typed_terminal_source_backed_gate_mir	GENERIC-LEGACY-CORPUS-UNIVERSE-P0	-	-	-	-	-	-	-	-
case	selfhost_stageb_trace_if_no_else_min	apps/tests/phase29bq_selfhost_blocker_stageb_trace_if_no_else_min.hako	selfhost	fast-gate	expected=0;allowed_rc=0;planner=[joinir/planner_first rule=LoopCondBreak] label=LoopExitIfBreakContinue	-	rejected	rejected	`qualified-preflight actual=Loop` site=Body(2)	unknown	phase29bq_fast_gate_cases.tsv:154	accepted-typed-reject	qualified-preflight	D0-TYPED-REJECT	phase29bq_typed_terminal_source_backed_gate_mir	GENERIC-LEGACY-CORPUS-UNIVERSE-P0	-	-	-	-	-	-	-	-
case	selfhost_loop_cond_if_assign_min	apps/tests/phase29bq_selfhost_blocker_loop_cond_if_assign_min.hako	selfhost	fast-gate	expected=2;allowed_rc=0;planner=[joinir/planner_first rule=LoopCondBreak] label=LoopExitIfBreakContinue	-	rejected	rejected	`route-not-front-selected LoopCondRouteRejected(SourceItemsMissing)` site=Body(1)	unknown	phase29bq_fast_gate_cases.tsv:155	accepted-typed-reject	callable-loop	D0-TYPED-REJECT	phase29bq_typed_terminal_source_backed_gate_mir	GENERIC-LEGACY-CORPUS-UNIVERSE-P0	-	-	-	-	-	-	-	-
case	selfhost_stageb_bundle_mod_if_min	apps/tests/phase29bq_selfhost_blocker_stageb_bundle_mod_if_min.hako	selfhost	fast-gate	expected=0;allowed_rc=0;planner=[joinir/planner_first rule=LoopCondBreak] label=LoopExitIfBreakContinue	-	failed-before-loop	rejected	`mir/normal-root/consume IntegrityInvalid`	unknown	phase29bq_fast_gate_cases.tsv:156	nonproduction-future-evidence	mir/normal-root	D0-PRE-LOOP-EVIDENCE	phase29bq_typed_terminal_source_backed_gate_mir	GENERIC-LEGACY-CORPUS-UNIVERSE-P0	-	-	-	-	-	-	-	-
case	loop_header_shortcircuit_continue_only_min	apps/tests/phase29bq_shortcircuit_loop_cond_continue_only_min.hako	phase29bq	fast-gate	expected=0;allowed_rc=0;planner=[joinir/planner_first rule=LoopCondContinueOnly] label=LoopContinueOnly	-	rejected	rejected	`qualified-preflight actual=Loop` site=Body(3)	unknown	phase29bq_fast_gate_cases.tsv:157	accepted-typed-reject	qualified-preflight	D0-TYPED-REJECT	phase29bq_typed_terminal_source_backed_gate_mir	GENERIC-LEGACY-CORPUS-UNIVERSE-P0	-	-	-	-	-	-	-	-
case	loop_header_shortcircuit_continue_with_return_min	apps/tests/phase29bq_shortcircuit_loop_cond_continue_with_return_min.hako	phase29bq	fast-gate	expected=0;allowed_rc=0;planner=[joinir/planner_first rule=LoopCondContinueWithReturn] label=LoopContinueWithReturn	-	rejected	rejected	`qualified-preflight actual=Loop` site=Body(3)	unknown	phase29bq_fast_gate_cases.tsv:158	accepted-typed-reject	qualified-preflight	D0-TYPED-REJECT	phase29bq_typed_terminal_source_backed_gate_mir	GENERIC-LEGACY-CORPUS-UNIVERSE-P0	-	-	-	-	-	-	-	-
case	loop_header_shortcircuit_generic_loop_v0_min	apps/tests/phase29bq_shortcircuit_generic_loop_v0_min.hako	generic-fixture	fast-gate	expected=0;allowed_rc=0;planner=[joinir/planner_first rule=LoopSimpleWhile] label=LoopSimpleWhile	-	rejected	rejected	`qualified-preflight statement_not_in_first_family actual=Loop site=Body(2)`	unknown	phase29bq_fast_gate_cases.tsv:159	accepted-typed-reject	qualified-preflight	D0-TYPED-REJECT	phase29bq_typed_terminal_source_backed_gate_mir	GENERIC-LEGACY-CORPUS-UNIVERSE-P0	-	-	-	-	-	-	-	-
case	loop_header_shortcircuit_break_continue_min	apps/tests/phase29bq_shortcircuit_loop_cond_break_continue_min.hako	phase29bq	fast-gate	expected=0;allowed_rc=0;planner=[joinir/planner_first rule=LoopCondBreak] label=LoopExitIfBreakContinue	-	rejected	rejected	`qualified-preflight actual=Loop` site=Body(3)	unknown	phase29bq_fast_gate_cases.tsv:160	accepted-typed-reject	qualified-preflight	D0-TYPED-REJECT	phase29bq_typed_terminal_source_backed_gate_mir	GENERIC-LEGACY-CORPUS-UNIVERSE-P0	-	-	-	-	-	-	-	-
case	selfhost_phi_injector_nested_loop_count_min	apps/tests/phase29bq_selfhost_blocker_phi_injector_collect_phi_vars_nested_loop_count_min.hako	selfhost	fast-gate	expected=3;allowed_rc=0;planner=[joinir/planner_first rule=LoopCondBreak] label=LoopExitIfBreakContinue|[joinir/planner_first rule=LoopSimpleWhile] label=LoopSimpleWhile	-	failed-before-loop	rejected	`qualified-preflight actual=New` site=Body(0) Init	unknown	phase29bq_fast_gate_cases.tsv:161	nonproduction-future-evidence	qualified-preflight	D0-PRE-LOOP-EVIDENCE	phase29bq_typed_terminal_source_backed_gate_mir	GENERIC-LEGACY-CORPUS-UNIVERSE-P0	-	-	-	-	-	-	-	-
case	loop_cond_break_nested_if_tree	apps/tests/phase29bq_loop_cond_break_continue_nested_if_break_min.hako	phase29bq	fast-gate	expected=1;allowed_rc=0;planner=[joinir/planner_first rule=LoopCondBreak] label=LoopExitIfBreakContinue	-	rejected	rejected	`route-not-front-selected CarrierRelation(MissingIncrement)` site=Body(2)	unknown	phase29bq_fast_gate_cases.tsv:162	accepted-typed-reject	callable-loop	D0-TYPED-REJECT	phase29bq_typed_terminal_source_backed_gate_mir	GENERIC-LEGACY-CORPUS-UNIVERSE-P0	-	-	-	-	-	-	-	-
case	map_literal_percent_min	apps/tests/phase29bq_map_literal_percent_min.hako	phase29bq	fast-gate	expected=0;allowed_rc=0;planner=StepTree root for 'Main.equals/1'	-	failed-before-loop	rejected	`callable-semantic-package/install MapObligationDescribe(OwnerTerminalHomesUnavailable)`	unknown	phase29bq_fast_gate_cases.tsv:163	nonproduction-future-evidence	semantic-package	D0-PRE-LOOP-EVIDENCE	phase29bq_typed_terminal_source_backed_gate_mir	GENERIC-LEGACY-CORPUS-UNIVERSE-P0	-	-	-	-	-	-	-	-
case	blockexpr_basic_min	apps/tests/phase29bq_blockexpr_basic_min.hako	phase29bq	fast-gate	expected=0;allowed_rc=0;planner=StepTree root for 'Main.equals/1'	-	accepted	accepted	canonical-main	unknown	phase29bq_fast_gate_cases.tsv:164	portable-owner	canonical-main	D0-DISPOSITION-CHECKED	phase29bq_portable_owner_source_backed_gate_mir	GENERIC-LEGACY-CORPUS-UNIVERSE-P0	-	-	-	-	-	-	-	-
case	blockexpr_return_min	apps/tests/phase29bq_blockexpr_return_min.hako	phase29bq	fast-gate	expected=__EMPTY__;allowed_rc=0;planner=StepTree root for 'Main.equals/1'	-	accepted	accepted	canonical-main	unknown	phase29bq_fast_gate_cases.tsv:165	portable-owner	canonical-main	D0-DISPOSITION-CHECKED	phase29bq_portable_owner_source_backed_gate_mir	GENERIC-LEGACY-CORPUS-UNIVERSE-P0	-	-	-	-	-	-	-	-
case	blockexpr_exit_forbidden_min	apps/tests/phase29bq_blockexpr_exit_forbidden_manual_min.hako	phase29bq	fast-gate	expected=[ERROR] ❌ MIR compilation error: [freeze:contract][blockexpr] exit stmt is forbidden in BlockExpr prelude;allowed_rc=1;planner=StepTree root for 'Main.equals/1'	-	rejected	rejected	`semantic-package ResolverDeferred(BlockExprNonLocalExit)` site=Body(0).Initializer(0).BlockExpr	unknown	phase29bq_fast_gate_cases.tsv:166	accepted-typed-reject	semantic-package	D0-TYPED-REJECT	phase29bq_typed_terminal_source_backed_gate_mir	GENERIC-LEGACY-CORPUS-UNIVERSE-P0	-	-	-	-	-	-	-	-
case	stageb_blockexpr_return_min	apps/tests/phase29bq_stageb_blockexpr_return_min.hako	phase29bq	fast-gate	expected=__EMPTY__;allowed_rc=0;planner=StepTree root for 'Main.equals/1'	-	accepted	accepted	canonical-main	unknown	phase29bq_fast_gate_cases.tsv:167	portable-owner	canonical-main	D0-DISPOSITION-CHECKED	phase29bq_portable_owner_source_backed_gate_mir	GENERIC-LEGACY-CORPUS-UNIVERSE-P0	-	-	-	-	-	-	-	-
case	cond_prelude_planner_required_min	apps/tests/phase29bq_cond_prelude_planner_required_min.hako	phase29bq	fast-gate	expected=0;allowed_rc=0;planner=StepTree root for 'Main.equals/1'	-	rejected	rejected	`LoopCondRouteRejected(SourceItemsMissing)` site=Body(2)	unknown	phase29bq_fast_gate_cases.tsv:168	accepted-typed-reject	callable-loop	D0-TYPED-REJECT	phase29bq_typed_terminal_source_backed_gate_mir	GENERIC-LEGACY-CORPUS-UNIVERSE-P0	-	-	-	-	-	-	-	-
case	generic_loop_v1_if_cond_prelude_loop_min	apps/tests/phase29bq_generic_loop_v1_if_cond_prelude_loop_min.hako	generic-fixture	fast-gate	expected=3;allowed_rc=0;planner=[joinir/planner_first rule=LoopSimpleWhile] label=LoopSimpleWhile	-	rejected	rejected	`[mir/callable-semantic-package/issue] LoopBreakSource Composite(Projection(Forest(ForestLookup)	unknown	phase29bq_fast_gate_cases.tsv:169	accepted-typed-reject	semantic-package	D0-TYPED-REJECT	phase29bq_typed_terminal_source_backed_gate_mir	GENERIC-LEGACY-CORPUS-UNIVERSE-P0	-	-	-	-	-	-	-	-
case	loop_cond_break_else_break_min	apps/tests/phase29bq_loop_cond_break_else_break_min.hako	phase29bq	fast-gate	expected=0;allowed_rc=0;planner=[joinir/planner_first rule=LoopCondBreak] label=LoopExitIfBreakContinue	-	rejected	rejected	`LoopCondRouteRejected(SourceItemsMissing)` site=Body(2)	unknown	phase29bq_fast_gate_cases.tsv:170	accepted-typed-reject	callable-loop	D0-TYPED-REJECT	phase29bq_typed_terminal_source_backed_gate_mir	GENERIC-LEGACY-CORPUS-UNIVERSE-P0	-	-	-	-	-	-	-	-
case	loop_cond_then_only_break_assign_min	apps/tests/phase29bq_loop_cond_then_only_break_assign_min.hako	phase29bq	fast-gate	expected=5;allowed_rc=0;planner=[joinir/planner_first rule=LoopCondBreak] label=LoopExitIfBreakContinue	-	rejected	rejected	`LoopCondRouteRejected(SourceItemsMissing)` site=Body(1)	unknown	phase29bq_fast_gate_cases.tsv:171	accepted-typed-reject	callable-loop	D0-TYPED-REJECT	phase29bq_typed_terminal_source_backed_gate_mir	GENERIC-LEGACY-CORPUS-UNIVERSE-P0	-	-	-	-	-	-	-	-
case	loop_cond_else_only_return_print_min	apps/tests/phase29bq_loop_cond_else_only_return_print_min.hako	phase29bq	fast-gate	expected=OK;allowed_rc=0;planner=[joinir/planner_first rule=LoopCondBreak] label=LoopExitIfBreakContinue	-	rejected	rejected	`LoopCondRouteRejected(SourceItemsMissing)` site=Body(1)	unknown	phase29bq_fast_gate_cases.tsv:172	accepted-typed-reject	callable-loop	D0-TYPED-REJECT	phase29bq_typed_terminal_source_backed_gate_mir	GENERIC-LEGACY-CORPUS-UNIVERSE-P0	-	-	-	-	-	-	-	-
case	module_roots_env_parse_min	apps/tests/phase29bq_module_roots_env_parse_min.hako	phase29bq	fast-gate	expected=0;allowed_rc=0;planner=StepTree root for 'Main.equals/1'	-	failed-before-loop	rejected	`callable-semantic-lowering/entry-shape-mismatch`	unknown	phase29bq_fast_gate_cases.tsv:173	nonproduction-future-evidence	callable-semantic-lowering	D0-PRE-LOOP-EVIDENCE	phase29bq_typed_terminal_source_backed_gate_mir	GENERIC-LEGACY-CORPUS-UNIVERSE-P0	-	-	-	-	-	-	-	-
case	using_module_roots_min	apps/tests/phase29bq_using_module_roots_min.hako	phase29bq	fast-gate	expected=1;allowed_rc=0;planner=StepTree root for 'Main.equals/1'	-	failed-before-loop	rejected	`mir/main-import-view/selected-header-missing`	unknown	phase29bq_fast_gate_cases.tsv:174	nonproduction-future-evidence	mir/main-import-view	D0-PRE-LOOP-EVIDENCE	phase29bq_typed_terminal_source_backed_gate_mir	GENERIC-LEGACY-CORPUS-UNIVERSE-P0	-	-	-	-	-	-	-	-
case	using_module_roots_multi_min	apps/tests/phase29bq_using_module_roots_multi_min.hako	phase29bq	fast-gate	expected=2;allowed_rc=0;planner=StepTree root for 'Main.equals/1'	-	failed-before-loop	rejected	`mir/main-import-view/selected-header-missing`	unknown	phase29bq_fast_gate_cases.tsv:175	nonproduction-future-evidence	mir/main-import-view	D0-PRE-LOOP-EVIDENCE	phase29bq_typed_terminal_source_backed_gate_mir	GENERIC-LEGACY-CORPUS-UNIVERSE-P0	-	-	-	-	-	-	-	-
case	using_module_roots_priority_min	apps/tests/phase29bq_using_module_roots_priority_min.hako	phase29bq	fast-gate	expected=2;allowed_rc=0;planner=StepTree root for 'Main.equals/1'	-	failed-before-loop	rejected	`mir/main-import-view/selected-header-missing`	unknown	phase29bq_fast_gate_cases.tsv:176	nonproduction-future-evidence	mir/main-import-view	D0-PRE-LOOP-EVIDENCE	phase29bq_typed_terminal_source_backed_gate_mir	GENERIC-LEGACY-CORPUS-UNIVERSE-P0	-	-	-	-	-	-	-	-
case	selfhost_module_roots_loop_min	apps/tests/phase29bq_selfhost_blocker_module_roots_loop_min.hako	selfhost	fast-gate	expected=3;allowed_rc=0;planner=[joinir/planner_first rule=LoopCondBreak] label=LoopExitIfBreakContinue	-	rejected	rejected	`qualified-preflight actual=Loop` site=Body(8)	unknown	phase29bq_fast_gate_cases.tsv:177	accepted-typed-reject	qualified-preflight	D0-TYPED-REJECT	phase29bq_typed_terminal_source_backed_gate_mir	GENERIC-LEGACY-CORPUS-UNIVERSE-P0	-	-	-	-	-	-	-	-
case	strict_nested_loop_guard_min	apps/tests/phase29bq_strict_nested_loop_guard_min.hako	phase29bq	fast-gate	"expected=[ERROR] ❌ MIR compilation error: [plan/freeze:unstructured] nested loop requires plan/composer support: Some(loop_continue_only(loop_var=""i"", carrier_vars=[""sum""], condition=BinaryOp { operator: Less, left: Variable { name: ""i"", span: Span { start: 0, end: 0, line: 1, column: 1 } }, right: Literal { value: Integer(3), span: Span { start: 0, end: 0, line: 1, column: 1 } }, span: Span { start: 0, end: 0, line: 1, column: 1 } }, continue_condition=BinaryOp { operator: GreaterEqual, left: Variable { name: ""i"", span: Span { start: 0, end: 0, line: 1, column: 1 } }, right: Literal { value: Integer(1), span: Span { start: 0, end: 0, line: 1, column: 1 } }, span: Span { start: 0, end: 0, line: 1, column: 1 } }, carrier_updates={""sum"": BinaryOp { operator: Add, left: Variable { name: ""sum"", span: Span { start: 0, end: 0, line: 1, column: 1 } }, right: Literal { value: Integer(1), span: Span { start: 0, end: 0, line: 1, column: 1 } }, span: Span { start: 0, end: 0, line: 1, column: 1 } }}, loop_increment=BinaryOp { operator: Add, left: Variable { name: ""i"", span: Span { start: 0, end: 0, line: 1, column: 1 } }, right: Literal { value: Integer(1), span: Span { start: 0, end: 0, line: 1, column: 1 } }, span: Span { start: 0, end: 0, line: 1, column: 1 } })) not in strict_nested_loop_guard allowlist;allowed_rc=1;planner=[joinir/planner_first rule=LoopContinueOnly] label=LoopContinueOnly"	-	failed-before-loop	rejected	`mir/normal-root/consume SourcePolicy(MainMustBeStatic)`	unknown	phase29bq_fast_gate_cases.tsv:178	nonproduction-future-evidence	mir/normal-root	D0-PRE-LOOP-EVIDENCE	phase29bq_typed_terminal_source_backed_gate_mir	GENERIC-LEGACY-CORPUS-UNIVERSE-P0	-	-	-	-	-	-	-	-
case	strict_nested_loop_guard_accept_min	apps/tests/phase29bq_strict_nested_loop_guard_accept_min.hako	phase29bq	fast-gate	expected=__EMPTY__;allowed_rc=0;planner=[joinir/planner_first rule=LoopContinueOnly] label=LoopContinueOnly	-	failed-before-loop	rejected	`mir/normal-root/consume SourcePolicy(MainMustBeStatic)`	unknown	phase29bq_fast_gate_cases.tsv:179	nonproduction-future-evidence	mir/normal-root	D0-PRE-LOOP-EVIDENCE	phase29bq_typed_terminal_source_backed_gate_mir	GENERIC-LEGACY-CORPUS-UNIVERSE-P0	-	-	-	-	-	-	-	-
case	entry_ambiguous_break_min	apps/tests/phase29bq_entry_ambiguous_break_min.hako	phase29bq	fast-gate	expected=1;allowed_rc=0;planner=[joinir/planner_first rule=LoopBreakRecipe] label=LoopBreakRecipe	-	rejected	rejected	`route-not-front-selected GenericLoopV1NotSelected` site=Body(2)	unknown	phase29bq_fast_gate_cases.tsv:180	accepted-typed-reject	callable-loop	D0-TYPED-REJECT	phase29bq_typed_terminal_source_backed_gate_mir	GENERIC-LEGACY-CORPUS-UNIVERSE-P0	-	-	-	-	-	-	-	-
case	return_continue_hetero_nested_return_depth3	apps/tests/phase29bq_selfhost_blocker_return_continue_hetero_nested_return_depth3_min.hako	selfhost	fast-gate	expected=1;allowed_rc=0;planner=[joinir/planner_first rule=LoopCondContinueWithReturn] label=LoopContinueWithReturn	-	failed-before-loop	rejected	`qualified-preflight actual=New` site=Body(0) Init	unknown	phase29bq_fast_gate_cases.tsv:181	nonproduction-future-evidence	qualified-preflight	D0-PRE-LOOP-EVIDENCE	phase29bq_typed_terminal_source_backed_gate_mir	GENERIC-LEGACY-CORPUS-UNIVERSE-P0	-	-	-	-	-	-	-	-
case	loop_true_receiver_field_nested_exit	apps/tests/phase29bq_loop_true_receiver_field_nested_exit_min.hako	phase29bq	fast-gate	expected=__EMPTY__;allowed_rc=0;planner=[joinir/planner_first rule=LoopTrueBreak] label=LoopTrueBreakContinue	-	rejected	rejected	`LoopTrueRouteRejected(SourceCallOutsideSelectedFamily)` fn=ReceiverFieldPredicateProbe.run/0	unknown	phase29bq_fast_gate_cases.tsv:182	accepted-typed-reject	callable-loop	D0-TYPED-REJECT	phase29bq_typed_terminal_source_backed_gate_mir	GENERIC-LEGACY-CORPUS-UNIVERSE-P0	-	-	-	-	-	-	-	-
case	selfhost::if-phi-join	apps/tests/if_phi_join_min.hako	selfhost	selfhost-subset	expected=12;allow_rc=0;planner=[joinir/planner_first rule=LoopCondBreak];filter_alias=if-phi-join	-	rejected	rejected	`route-not-front-selected GenericLoopV1NotSelected` site=Body(2)	unknown	selfhost/planner_required_selfhost_subset.tsv:6	accepted-typed-reject	callable-loop	D0-TYPED-REJECT	not-run	GENERIC-LEGACY-CORPUS-UNIVERSE-P0	-	-	-	-	-	-	-	-
case	selfhost::phase29bq_selfhost_blocker_rewriteknown_try_apply_loop_true_else_exit_min.hako	apps/tests/phase29bq_selfhost_blocker_rewriteknown_try_apply_loop_true_else_exit_min.hako	selfhost	selfhost-subset	expected=XY;allow_rc=0;planner=[joinir/planner_first rule=LoopTrueBreak]	-	failed-before-loop	rejected	`mir/main-import-view/selected-header-missing`	unknown	selfhost/planner_required_selfhost_subset.tsv:7	nonproduction-future-evidence	mir/main-import-view	D0-PRE-LOOP-EVIDENCE	not-run	GENERIC-LEGACY-CORPUS-UNIVERSE-P0	-	-	-	-	-	-	-	-
case	selfhost::phase29bq_selfhost_subset_scan_funcs_import_min.hako	apps/tests/phase29bq_selfhost_subset_scan_funcs_import_min.hako	selfhost	selfhost-subset	expected=0;allow_rc=0;planner=[joinir/planner_first rule=LoopCondBreak]	-	rejected	rejected	`semantic-package LoopBreakSource ForestBinding UnsupportedAncestor`	unknown	selfhost/planner_required_selfhost_subset.tsv:8	accepted-typed-reject	semantic-package	D0-TYPED-REJECT	not-run	GENERIC-LEGACY-CORPUS-UNIVERSE-P0	-	-	-	-	-	-	-	-
case	selfhost::phase29bq_map_literal_percent_min.hako	apps/tests/phase29bq_map_literal_percent_min.hako	selfhost	selfhost-subset	expected=0;allow_rc=0;planner=[joinir/planner_first rule=LoopCondBreak]	-	failed-before-loop	rejected	`semantic-package/install MapObligationDescribe(OwnerTerminalHomesUnavailable)`	unknown	selfhost/planner_required_selfhost_subset.tsv:9	nonproduction-future-evidence	semantic-package	D0-PRE-LOOP-EVIDENCE	not-run	GENERIC-LEGACY-CORPUS-UNIVERSE-P0	-	-	-	-	-	-	-	-
case	selfhost::trim-generic-loop	apps/tests/phase29bq_selfhost_blocker_trim_generic_loop_min.hako	selfhost	selfhost-subset	expected=OK;allow_rc=0;planner=[joinir/planner_first rule=LoopCondBreak];filter_alias=trim-generic-loop	-	rejected	rejected	`qualified-preflight actual=Loop` site=Body(3)	unknown	selfhost/planner_required_selfhost_subset.tsv:10	accepted-typed-reject	qualified-preflight	D0-TYPED-REJECT	not-run	GENERIC-LEGACY-CORPUS-UNIVERSE-P0	-	-	-	-	-	-	-	-
case	selfhost::cleanup-only	apps/tests/phase29bq_selfhost_cleanup_only_min.hako	selfhost	selfhost-subset	expected=11;allow_rc=0;planner=[joinir/planner_first rule=LoopCondBreak];filter_alias=cleanup-only	-	failed-before-loop	rejected	`semantic-package ResolverDeferred UnsupportedStatement TryCatch` site=Body(1)	unknown	selfhost/planner_required_selfhost_subset.tsv:11	nonproduction-future-evidence	semantic-package	D0-PRE-LOOP-EVIDENCE	not-run	GENERIC-LEGACY-CORPUS-UNIVERSE-P0	-	-	-	-	-	-	-	-
case	selfhost::phase29bq_selfhost_blocker_parse_if_min.hako	apps/tests/phase29bq_selfhost_blocker_parse_if_min.hako	selfhost	selfhost-subset	expected=P;allow_rc=0;planner=StepTree root for 'Main.equals/1'	-	failed-before-loop	rejected	`qualified-preflight actual=Print` site=Body(10)	unknown	selfhost/planner_required_selfhost_subset.tsv:12	nonproduction-future-evidence	qualified-preflight	D0-PRE-LOOP-EVIDENCE	not-run	GENERIC-LEGACY-CORPUS-UNIVERSE-P0	-	-	-	-	-	-	-	-
case	selfhost::phase29bq_selfhost_blocker_parse_block_expr_min.hako	apps/tests/phase29bq_selfhost_blocker_parse_block_expr_min.hako	selfhost	selfhost-subset	"expected={""type"":""Error"",""message"":""BlockExpr requires at least one expression""};allow_rc=0;planner=[joinir/planner_first rule=LoopCondBreak]"	-	rejected	rejected	`composite/source-target SourceItemDispositionMissing` in LoopBody	unknown	selfhost/planner_required_selfhost_subset.tsv:13	accepted-typed-reject	callable-loop	D0-TYPED-REJECT	not-run	GENERIC-LEGACY-CORPUS-UNIVERSE-P0	-	-	-	-	-	-	-	-
case	selfhost::phase29bq_selfhost_blocker_parse_block_min.hako	apps/tests/phase29bq_selfhost_blocker_parse_block_min.hako	selfhost	selfhost-subset	expected=[]@2;allow_rc=0;planner=[joinir/planner_first rule=LoopCondBreak]	-	rejected	rejected	`LoopBreakSource ForestBinding UnsupportedAncestor`	unknown	selfhost/planner_required_selfhost_subset.tsv:14	accepted-typed-reject	semantic-package	D0-TYPED-REJECT	not-run	GENERIC-LEGACY-CORPUS-UNIVERSE-P0	-	-	-	-	-	-	-	-
case	selfhost::phase29bq_selfhost_blocker_parse_block_v2_min.hako	apps/tests/phase29bq_selfhost_blocker_parse_block_v2_min.hako	selfhost	selfhost-subset	expected=[]@2;allow_rc=0;planner=[joinir/planner_first rule=LoopCondBreak]	-	failed-before-loop	rejected	`mir/main-import-view/selected-header-missing`	unknown	selfhost/planner_required_selfhost_subset.tsv:15	nonproduction-future-evidence	mir/main-import-view	D0-PRE-LOOP-EVIDENCE	not-run	GENERIC-LEGACY-CORPUS-UNIVERSE-P0	-	-	-	-	-	-	-	-
case	selfhost::phase29bq_selfhost_blocker_parse_expr2_min.hako	apps/tests/phase29bq_selfhost_blocker_parse_expr2_min.hako	selfhost	selfhost-subset	expected=P;allow_rc=0;planner=[joinir/planner_first rule=LoopCondBreak]	-	rejected	rejected	`qualified-preflight actual=Loop` site=Body(2)	unknown	selfhost/planner_required_selfhost_subset.tsv:16	accepted-typed-reject	qualified-preflight	D0-TYPED-REJECT	not-run	GENERIC-LEGACY-CORPUS-UNIVERSE-P0	-	-	-	-	-	-	-	-
case	selfhost::breakfinder-parse-int	apps/tests/phase29bq_selfhost_blocker_breakfinder_parse_int_min.hako	selfhost	selfhost-subset	expected=-1;allow_rc=0;planner=[joinir/planner_first rule=LoopCondBreak];filter_alias=breakfinder-parse-int	-	failed-before-loop	rejected	`mir/main-import-view/selected-header-missing`	unknown	selfhost/planner_required_selfhost_subset.tsv:17	nonproduction-future-evidence	mir/main-import-view	D0-PRE-LOOP-EVIDENCE	not-run	GENERIC-LEGACY-CORPUS-UNIVERSE-P0	-	-	-	-	-	-	-	-
case	selfhost::phase29bq_selfhost_blocker_bundle_resolver_min.hako	apps/tests/phase29bq_selfhost_blocker_bundle_resolver_min.hako	selfhost	selfhost-subset	expected=1;allow_rc=0;planner=[joinir/planner_first rule=LoopCondBreak]	-	failed-before-loop	rejected	`mir/normal-root/consume MainMustBeStatic`	unknown	selfhost/planner_required_selfhost_subset.tsv:18	nonproduction-future-evidence	mir/normal-root	D0-PRE-LOOP-EVIDENCE	not-run	GENERIC-LEGACY-CORPUS-UNIVERSE-P0	-	-	-	-	-	-	-	-
case	selfhost::phase29bq_selfhost_blocker_collect_using_entries_loop_min.hako	apps/tests/phase29bq_selfhost_blocker_collect_using_entries_loop_min.hako	selfhost	selfhost-subset	expected=0;allow_rc=0;planner=[joinir/planner_first rule=LoopCondBreak]	-	failed-before-loop	rejected	`semantic-package CoreMethodSource NamedArray(TextSourceMissing)`	unknown	selfhost/planner_required_selfhost_subset.tsv:19	nonproduction-future-evidence	semantic-package	D0-PRE-LOOP-EVIDENCE	not-run	GENERIC-LEGACY-CORPUS-UNIVERSE-P0	-	-	-	-	-	-	-	-
case	selfhost::phase29bq_selfhost_blocker_decode_escapes_group_if_fallthrough_mutation_min.hako	apps/tests/phase29bq_selfhost_blocker_decode_escapes_group_if_fallthrough_mutation_min.hako	selfhost	selfhost-subset	expected=0;allow_rc=0;planner=[joinir/planner_first rule=LoopCondBreak]	-	rejected	rejected	`nested-loop-profile-not-admitted`	unknown	selfhost/planner_required_selfhost_subset.tsv:20	accepted-typed-reject	callable-loop-handoff	D0-TYPED-REJECT	not-run	GENERIC-LEGACY-CORPUS-UNIVERSE-P0	-	-	-	-	-	-	-	-
case	selfhost::phase29bq_selfhost_blocker_parse_program2_if_return_min.hako	apps/tests/phase29bq_selfhost_blocker_parse_program2_if_return_min.hako	selfhost	selfhost-subset	expected=7;allow_rc=0;planner=StepTree root for 'Main.equals/1'	-	accepted	accepted	canonical-main	unknown	selfhost/planner_required_selfhost_subset.tsv:21	portable-owner	canonical-main	D0-DISPOSITION-CHECKED	phase29bq_portable_owner_source_backed_gate_mir	GENERIC-LEGACY-CORPUS-UNIVERSE-P0	-	-	-	-	-	-	-	-
case	selfhost::phase29bq_selfhost_blocker_parse_program2_if_return_var_min.hako	apps/tests/phase29bq_selfhost_blocker_parse_program2_if_return_var_min.hako	selfhost	selfhost-subset	expected=7;allow_rc=0;planner=StepTree root for 'Main.equals/1'	-	accepted	accepted	canonical-main	unknown	selfhost/planner_required_selfhost_subset.tsv:22	portable-owner	canonical-main	D0-DISPOSITION-CHECKED	phase29bq_portable_owner_source_backed_gate_mir	GENERIC-LEGACY-CORPUS-UNIVERSE-P0	-	-	-	-	-	-	-	-
case	selfhost::phase29bq_selfhost_blocker_parse_program2_if_return_local_min.hako	apps/tests/phase29bq_selfhost_blocker_parse_program2_if_return_local_min.hako	selfhost	selfhost-subset	expected=7;allow_rc=0;planner=StepTree root for 'Main.equals/1'	-	accepted	accepted	canonical-main	unknown	selfhost/planner_required_selfhost_subset.tsv:23	portable-owner	canonical-main	D0-DISPOSITION-CHECKED	phase29bq_portable_owner_source_backed_gate_mir	GENERIC-LEGACY-CORPUS-UNIVERSE-P0	-	-	-	-	-	-	-	-
case	selfhost::phase29bq_selfhost_blocker_parse_program2_if_fallthrough_join_min.hako	apps/tests/phase29bq_selfhost_blocker_parse_program2_if_fallthrough_join_min.hako	selfhost	selfhost-subset	expected=1;allow_rc=0;planner=StepTree root for 'Main.equals/1'	-	accepted	accepted	canonical-main	unknown	selfhost/planner_required_selfhost_subset.tsv:24	portable-owner	canonical-main	D0-DISPOSITION-CHECKED	phase29bq_portable_owner_source_backed_gate_mir	GENERIC-LEGACY-CORPUS-UNIVERSE-P0	-	-	-	-	-	-	-	-
case	selfhost::phase29bq_selfhost_blocker_parse_program2_if_else_return_min.hako	apps/tests/phase29bq_selfhost_blocker_parse_program2_if_else_return_min.hako	selfhost	selfhost-subset	expected=__EMPTY__;allow_rc=0;planner=StepTree root for 'Main.equals/1'	-	accepted	accepted	canonical-main	unknown	selfhost/planner_required_selfhost_subset.tsv:25	portable-owner	canonical-main	D0-DISPOSITION-CHECKED	phase29bq_portable_owner_source_backed_gate_mir	GENERIC-LEGACY-CORPUS-UNIVERSE-P0	-	-	-	-	-	-	-	-
case	selfhost::phase29bq_selfhost_blocker_parse_program2_if_else_return_var_min.hako	apps/tests/phase29bq_selfhost_blocker_parse_program2_if_else_return_var_min.hako	selfhost	selfhost-subset	expected=__EMPTY__;allow_rc=0;planner=StepTree root for 'Main.equals/1'	-	accepted	accepted	canonical-main	unknown	selfhost/planner_required_selfhost_subset.tsv:26	portable-owner	canonical-main	D0-DISPOSITION-CHECKED	phase29bq_portable_owner_source_backed_gate_mir	GENERIC-LEGACY-CORPUS-UNIVERSE-P0	-	-	-	-	-	-	-	-
case	selfhost::phase29bq_selfhost_blocker_parse_program2_if_else_return_local_min.hako	apps/tests/phase29bq_selfhost_blocker_parse_program2_if_else_return_local_min.hako	selfhost	selfhost-subset	expected=__EMPTY__;allow_rc=0;planner=StepTree root for 'Main.equals/1'	-	accepted	accepted	canonical-main	unknown	selfhost/planner_required_selfhost_subset.tsv:27	portable-owner	canonical-main	D0-DISPOSITION-CHECKED	phase29bq_portable_owner_source_backed_gate_mir	GENERIC-LEGACY-CORPUS-UNIVERSE-P0	-	-	-	-	-	-	-	-
case	selfhost::phase29bq_selfhost_blocker_parse_program2_if_else_if_return_min.hako	apps/tests/phase29bq_selfhost_blocker_parse_program2_if_else_if_return_min.hako	selfhost	selfhost-subset	expected=__EMPTY__;allow_rc=0;planner=StepTree root for 'Main.equals/1'	-	accepted	accepted	canonical-main	unknown	selfhost/planner_required_selfhost_subset.tsv:28	portable-owner	canonical-main	D0-DISPOSITION-CHECKED	phase29bq_portable_owner_source_backed_gate_mir	GENERIC-LEGACY-CORPUS-UNIVERSE-P0	-	-	-	-	-	-	-	-
case	selfhost::phase29bq_selfhost_blocker_parse_program2_ws_min.hako	apps/tests/phase29bq_selfhost_blocker_parse_program2_ws_min.hako	selfhost	selfhost-subset	expected=1;allow_rc=0;planner=[joinir/planner_first rule=LoopCondBreak]	-	rejected	rejected	`qualified-preflight actual=Loop` site=Body(3)	unknown	selfhost/planner_required_selfhost_subset.tsv:29	accepted-typed-reject	qualified-preflight	D0-TYPED-REJECT	not-run	GENERIC-LEGACY-CORPUS-UNIVERSE-P0	-	-	-	-	-	-	-	-
case	selfhost::phase29bq_selfhost_blocker_parse_program2_ws_or_min.hako	apps/tests/phase29bq_selfhost_blocker_parse_program2_ws_or_min.hako	selfhost	selfhost-subset	expected=1;allow_rc=0;planner=[joinir/planner_first rule=LoopCondBreak]	-	rejected	rejected	`qualified-preflight actual=Loop` site=Body(3)	unknown	selfhost/planner_required_selfhost_subset.tsv:30	accepted-typed-reject	qualified-preflight	D0-TYPED-REJECT	not-run	GENERIC-LEGACY-CORPUS-UNIVERSE-P0	-	-	-	-	-	-	-	-
case	selfhost::phase29bq_selfhost_blocker_parse_try_program_block_min.hako	apps/tests/phase29bq_selfhost_blocker_parse_try_program_block_min.hako	selfhost	selfhost-subset	expected=[ab;allow_rc=0;planner=[joinir/planner_first rule=LoopCondBreak]	-	rejected	rejected	`route-not-front-selected LoopTrueRouteRejected(SourceItemOutsideLoop)` site=Body(3)	unknown	selfhost/planner_required_selfhost_subset.tsv:31	accepted-typed-reject	callable-loop	D0-TYPED-REJECT	not-run	GENERIC-LEGACY-CORPUS-UNIVERSE-P0	-	-	-	-	-	-	-	-
case	selfhost::phase29bq_selfhost_blocker_parse_program2_cond_and_min.hako	apps/tests/phase29bq_selfhost_blocker_parse_program2_cond_and_min.hako	selfhost	selfhost-subset	expected=1;allow_rc=0;planner=[joinir/planner_first rule=LoopTrueBreak]	-	rejected	rejected	`qualified-preflight actual=Loop` site=Body(3)	unknown	selfhost/planner_required_selfhost_subset.tsv:32	accepted-typed-reject	qualified-preflight	D0-TYPED-REJECT	not-run	GENERIC-LEGACY-CORPUS-UNIVERSE-P0	-	-	-	-	-	-	-	-
case	selfhost::phase29bq_selfhost_blocker_parse_program2_effect_if_min.hako	apps/tests/phase29bq_selfhost_blocker_parse_program2_effect_if_min.hako	selfhost	selfhost-subset	expected=P;allow_rc=0;planner=[joinir/planner_first rule=LoopCondBreak]	-	rejected	rejected	`route-not-front-selected CarrierRelation(MissingIncrement)` site=Body(2)	unknown	selfhost/planner_required_selfhost_subset.tsv:33	accepted-typed-reject	callable-loop	D0-TYPED-REJECT	not-run	GENERIC-LEGACY-CORPUS-UNIVERSE-P0	-	-	-	-	-	-	-	-
case	selfhost::phase29bq_selfhost_blocker_parse_program2_bool_or_mod_min.hako	apps/tests/phase29bq_selfhost_blocker_parse_program2_bool_or_mod_min.hako	selfhost	selfhost-subset	expected=1;allow_rc=0;planner=[joinir/planner_first rule=LoopCondBreak]	-	rejected	rejected	`route-not-front-selected LoopCondRouteRejected(SourceItemsMissing)` site=Body(4)	unknown	selfhost/planner_required_selfhost_subset.tsv:34	accepted-typed-reject	callable-loop	D0-TYPED-REJECT	not-run	GENERIC-LEGACY-CORPUS-UNIVERSE-P0	-	-	-	-	-	-	-	-
case	selfhost::phase29bq_selfhost_blocker_parse_program2_loop_min.hako	apps/tests/phase29bq_selfhost_blocker_parse_program2_loop_min.hako	selfhost	selfhost-subset	expected=1;allow_rc=0;planner=[flowbox/adopt box_kind=Loop features=break,nested_loop via=shadow]	-	rejected	rejected	`nested-loop-profile-not-admitted`	unknown	selfhost/planner_required_selfhost_subset.tsv:35	accepted-typed-reject	callable-loop-handoff	D0-TYPED-REJECT	not-run	GENERIC-LEGACY-CORPUS-UNIVERSE-P0	-	-	-	-	-	-	-	-
case	selfhost::phase29bq_selfhost_blocker_parse_program2_loop_if_fallthrough_join_min.hako	apps/tests/phase29bq_selfhost_blocker_parse_program2_loop_if_fallthrough_join_min.hako	selfhost	selfhost-subset	expected=1;allow_rc=0;planner=[joinir/planner_first rule=LoopCondBreak]	-	rejected	rejected	`route-not-front-selected LoopCondRouteRejected(SourceItemsMissing)` site=Body(1)	unknown	selfhost/planner_required_selfhost_subset.tsv:36	accepted-typed-reject	callable-loop	D0-TYPED-REJECT	not-run	GENERIC-LEGACY-CORPUS-UNIVERSE-P0	-	-	-	-	-	-	-	-
case	selfhost::phase29bq_selfhost_blocker_parse_program2_loop_if_return_min.hako	apps/tests/phase29bq_selfhost_blocker_parse_program2_loop_if_return_min.hako	selfhost	selfhost-subset	expected=__EMPTY__;allow_rc=0;planner=[joinir/planner_first rule=LoopCondBreak]	-	rejected	rejected	`route-not-front-selected GenericLoopV1NotSelected` site=Body(1)	unknown	selfhost/planner_required_selfhost_subset.tsv:37	accepted-typed-reject	callable-loop	D0-TYPED-REJECT	not-run	GENERIC-LEGACY-CORPUS-UNIVERSE-P0	-	-	-	-	-	-	-	-
case	selfhost::phase29bq_selfhost_blocker_parse_program2_loop_if_return_var_min.hako	apps/tests/phase29bq_selfhost_blocker_parse_program2_loop_if_return_var_min.hako	selfhost	selfhost-subset	expected=__EMPTY__;allow_rc=0;planner=[joinir/planner_first rule=LoopCondBreak]	-	rejected	rejected	`route-not-front-selected GenericLoopV1NotSelected` site=Body(1)	unknown	selfhost/planner_required_selfhost_subset.tsv:38	accepted-typed-reject	callable-loop	D0-TYPED-REJECT	not-run	GENERIC-LEGACY-CORPUS-UNIVERSE-P0	-	-	-	-	-	-	-	-
case	selfhost::phase29bq_selfhost_blocker_parse_program2_loop_if_return_local_min.hako	apps/tests/phase29bq_selfhost_blocker_parse_program2_loop_if_return_local_min.hako	selfhost	selfhost-subset	expected=__EMPTY__;allow_rc=0;planner=[flowbox/adopt box_kind=Loop features=return via=shadow]	-	accepted	accepted	canonical-main	unknown	selfhost/planner_required_selfhost_subset.tsv:39	portable-owner	canonical-main	D0-DISPOSITION-CHECKED	not-run	GENERIC-LEGACY-CORPUS-UNIVERSE-P0	-	-	-	-	-	-	-	-
case	selfhost::phase29bq_selfhost_blocker_parse_program2_loop_continue_if_min.hako	apps/tests/phase29bq_selfhost_blocker_parse_program2_loop_continue_if_min.hako	selfhost	selfhost-subset	expected=1;allow_rc=0;planner=[flowbox/adopt box_kind=Loop features=break,continue,nested_loop via=shadow]	-	rejected	rejected	`nested-loop-profile-not-admitted`	unknown	selfhost/planner_required_selfhost_subset.tsv:40	accepted-typed-reject	callable-loop-handoff	D0-TYPED-REJECT	not-run	GENERIC-LEGACY-CORPUS-UNIVERSE-P0	-	-	-	-	-	-	-	-
case	selfhost::phase29bq_selfhost_blocker_parse_program2_loop_if_else_return_min.hako	apps/tests/phase29bq_selfhost_blocker_parse_program2_loop_if_else_return_min.hako	selfhost	selfhost-subset	expected=__EMPTY__;allow_rc=0;planner=[joinir/planner_first rule=LoopCondBreak]	-	rejected	rejected	`callable-loop-handoff/carrier-cardinality`	unknown	selfhost/planner_required_selfhost_subset.tsv:41	accepted-typed-reject	callable-loop-handoff	D0-TYPED-REJECT	not-run	GENERIC-LEGACY-CORPUS-UNIVERSE-P0	-	-	-	-	-	-	-	-
case	selfhost::phase29bq_selfhost_blocker_parse_program2_loop_if_else_return_var_min.hako	apps/tests/phase29bq_selfhost_blocker_parse_program2_loop_if_else_return_var_min.hako	selfhost	selfhost-subset	expected=__EMPTY__;allow_rc=0;planner=[joinir/planner_first rule=LoopCondBreak]	-	rejected	rejected	`carrier-cardinality`	unknown	selfhost/planner_required_selfhost_subset.tsv:42	accepted-typed-reject	callable-loop-handoff	D0-TYPED-REJECT	not-run	GENERIC-LEGACY-CORPUS-UNIVERSE-P0	-	-	-	-	-	-	-	-
case	selfhost::phase29bq_selfhost_blocker_parse_program2_loop_if_else_return_local_min.hako	apps/tests/phase29bq_selfhost_blocker_parse_program2_loop_if_else_return_local_min.hako	selfhost	selfhost-subset	expected=__EMPTY__;allow_rc=0;planner=[joinir/planner_first rule=LoopCondBreak]	-	rejected	rejected	`carrier-cardinality`	unknown	selfhost/planner_required_selfhost_subset.tsv:43	accepted-typed-reject	callable-loop-handoff	D0-TYPED-REJECT	not-run	GENERIC-LEGACY-CORPUS-UNIVERSE-P0	-	-	-	-	-	-	-	-
case	selfhost::phase29bq_selfhost_blocker_parse_program2_loop_if_else_if_return_min.hako	apps/tests/phase29bq_selfhost_blocker_parse_program2_loop_if_else_if_return_min.hako	selfhost	selfhost-subset	expected=__EMPTY__;allow_rc=0;planner=[joinir/planner_first rule=LoopCondBreak]	-	rejected	rejected	`carrier-cardinality`	unknown	selfhost/planner_required_selfhost_subset.tsv:44	accepted-typed-reject	callable-loop-handoff	D0-TYPED-REJECT	not-run	GENERIC-LEGACY-CORPUS-UNIVERSE-P0	-	-	-	-	-	-	-	-
case	selfhost::phase29bq_selfhost_blocker_parse_program2_loop_if_else_if_else_return_min.hako	apps/tests/phase29bq_selfhost_blocker_parse_program2_loop_if_else_if_else_return_min.hako	selfhost	selfhost-subset	expected=__EMPTY__;allow_rc=0;planner=[joinir/planner_first rule=LoopCondBreak]	-	rejected	rejected	`carrier-cardinality`	unknown	selfhost/planner_required_selfhost_subset.tsv:45	accepted-typed-reject	callable-loop-handoff	D0-TYPED-REJECT	not-run	GENERIC-LEGACY-CORPUS-UNIVERSE-P0	-	-	-	-	-	-	-	-
case	selfhost::phase29bq_selfhost_blocker_parse_program2_nested_loop_if_return_min.hako	apps/tests/phase29bq_selfhost_blocker_parse_program2_nested_loop_if_return_min.hako	selfhost	selfhost-subset	expected=__EMPTY__;allow_rc=0;planner=[joinir/planner_first rule=LoopCondBreak]	-	rejected	rejected	`nested-loop-profile-not-admitted`	unknown	selfhost/planner_required_selfhost_subset.tsv:46	accepted-typed-reject	callable-loop-handoff	D0-TYPED-REJECT	not-run	GENERIC-LEGACY-CORPUS-UNIVERSE-P0	-	-	-	-	-	-	-	-
case	selfhost::phase29bq_selfhost_blocker_parse_program2_nested_loop_if_else_return_min.hako	apps/tests/phase29bq_selfhost_blocker_parse_program2_nested_loop_if_else_return_min.hako	selfhost	selfhost-subset	expected=__EMPTY__;allow_rc=0;planner=[joinir/planner_first rule=LoopCondBreak]	-	rejected	rejected	`nested-loop-profile-not-admitted`	unknown	selfhost/planner_required_selfhost_subset.tsv:47	accepted-typed-reject	callable-loop-handoff	D0-TYPED-REJECT	not-run	GENERIC-LEGACY-CORPUS-UNIVERSE-P0	-	-	-	-	-	-	-	-
case	selfhost::phase29bq_selfhost_blocker_parse_program2_nested_loop_if_return_var_min.hako	apps/tests/phase29bq_selfhost_blocker_parse_program2_nested_loop_if_return_var_min.hako	selfhost	selfhost-subset	expected=__EMPTY__;allow_rc=0;planner=[joinir/planner_first rule=LoopCondBreak]	-	rejected	rejected	`nested-loop-profile-not-admitted`	unknown	selfhost/planner_required_selfhost_subset.tsv:48	accepted-typed-reject	callable-loop-handoff	D0-TYPED-REJECT	not-run	GENERIC-LEGACY-CORPUS-UNIVERSE-P0	-	-	-	-	-	-	-	-
case	selfhost::phase29bq_selfhost_blocker_parse_program2_nested_loop_if_return_local_min.hako	apps/tests/phase29bq_selfhost_blocker_parse_program2_nested_loop_if_return_local_min.hako	selfhost	selfhost-subset	expected=__EMPTY__;allow_rc=0;planner=[joinir/planner_first rule=LoopCondBreak]	-	rejected	rejected	`nested-loop-profile-not-admitted`	unknown	selfhost/planner_required_selfhost_subset.tsv:49	accepted-typed-reject	callable-loop-handoff	D0-TYPED-REJECT	not-run	GENERIC-LEGACY-CORPUS-UNIVERSE-P0	-	-	-	-	-	-	-	-
case	selfhost::phase29bq_selfhost_blocker_parse_program2_nested_loop_if_else_return_var_min.hako	apps/tests/phase29bq_selfhost_blocker_parse_program2_nested_loop_if_else_return_var_min.hako	selfhost	selfhost-subset	expected=__EMPTY__;allow_rc=0;planner=[joinir/planner_first rule=LoopCondBreak]	-	rejected	rejected	`nested-loop-profile-not-admitted`	unknown	selfhost/planner_required_selfhost_subset.tsv:50	accepted-typed-reject	callable-loop-handoff	D0-TYPED-REJECT	not-run	GENERIC-LEGACY-CORPUS-UNIVERSE-P0	-	-	-	-	-	-	-	-
case	selfhost::phase29bq_selfhost_blocker_parse_program2_nested_loop_if_else_return_local_min.hako	apps/tests/phase29bq_selfhost_blocker_parse_program2_nested_loop_if_else_return_local_min.hako	selfhost	selfhost-subset	expected=__EMPTY__;allow_rc=0;planner=[joinir/planner_first rule=LoopCondBreak]	-	rejected	rejected	`callable-loop-handoff/nested-loop-profile-not-admitted`	unknown	selfhost/planner_required_selfhost_subset.tsv:51	accepted-typed-reject	callable-loop-handoff	D0-TYPED-REJECT	not-run	GENERIC-LEGACY-CORPUS-UNIVERSE-P0	-	-	-	-	-	-	-	-
case	selfhost::phase29bq_selfhost_blocker_parse_program2_nested_loop_if_else_if_return_min.hako	apps/tests/phase29bq_selfhost_blocker_parse_program2_nested_loop_if_else_if_return_min.hako	selfhost	selfhost-subset	expected=__EMPTY__;allow_rc=0;planner=[joinir/planner_first rule=LoopCondBreak]	-	rejected	rejected	`callable-loop-handoff/nested-loop-profile-not-admitted`	unknown	selfhost/planner_required_selfhost_subset.tsv:52	accepted-typed-reject	callable-loop-handoff	D0-TYPED-REJECT	not-run	GENERIC-LEGACY-CORPUS-UNIVERSE-P0	-	-	-	-	-	-	-	-
case	selfhost::phase29bq_selfhost_blocker_parse_program2_nested_loop_if_else_if_else_return_min.hako	apps/tests/phase29bq_selfhost_blocker_parse_program2_nested_loop_if_else_if_else_return_min.hako	selfhost	selfhost-subset	expected=__EMPTY__;allow_rc=0;planner=[joinir/planner_first rule=LoopCondBreak]	-	rejected	rejected	`callable-loop-handoff/nested-loop-profile-not-admitted`	unknown	selfhost/planner_required_selfhost_subset.tsv:53	accepted-typed-reject	callable-loop-handoff	D0-TYPED-REJECT	not-run	GENERIC-LEGACY-CORPUS-UNIVERSE-P0	-	-	-	-	-	-	-	-
case	selfhost::phase29bq_selfhost_blocker_parse_program2_nested_loop_if_fallthrough_join_min.hako	apps/tests/phase29bq_selfhost_blocker_parse_program2_nested_loop_if_fallthrough_join_min.hako	selfhost	selfhost-subset	expected=__EMPTY__;allow_rc=0;planner=[joinir/planner_first rule=LoopCondBreak]	-	rejected	rejected	`callable-loop-handoff/nested-loop-profile-not-admitted`	unknown	selfhost/planner_required_selfhost_subset.tsv:54	accepted-typed-reject	callable-loop-handoff	D0-TYPED-REJECT	not-run	GENERIC-LEGACY-CORPUS-UNIVERSE-P0	-	-	-	-	-	-	-	-
case	selfhost::phase29bq_selfhost_blocker_parse_program2_nested_loop_if_else_fallthrough_join_min.hako	apps/tests/phase29bq_selfhost_blocker_parse_program2_nested_loop_if_else_fallthrough_join_min.hako	selfhost	selfhost-subset	expected=__EMPTY__;allow_rc=0;planner=[joinir/planner_first rule=LoopCondBreak]	-	rejected	rejected	`callable-loop-handoff/nested-loop-profile-not-admitted`	unknown	selfhost/planner_required_selfhost_subset.tsv:55	accepted-typed-reject	callable-loop-handoff	D0-TYPED-REJECT	not-run	GENERIC-LEGACY-CORPUS-UNIVERSE-P0	-	-	-	-	-	-	-	-
case	selfhost::phase29bq_selfhost_blocker_parse_program2_nested_loop_if_else_fallthrough_join_return_var_min.hako	apps/tests/phase29bq_selfhost_blocker_parse_program2_nested_loop_if_else_fallthrough_join_return_var_min.hako	selfhost	selfhost-subset	expected=__EMPTY__;allow_rc=0;planner=[joinir/planner_first rule=LoopCondBreak]	-	rejected	rejected	`callable-loop-handoff/nested-loop-profile-not-admitted`	unknown	selfhost/planner_required_selfhost_subset.tsv:56	accepted-typed-reject	callable-loop-handoff	D0-TYPED-REJECT	not-run	GENERIC-LEGACY-CORPUS-UNIVERSE-P0	-	-	-	-	-	-	-	-
case	selfhost::phase29bq_selfhost_blocker_parse_program2_nested_loop_if_else_fallthrough_join_return_local_min.hako	apps/tests/phase29bq_selfhost_blocker_parse_program2_nested_loop_if_else_fallthrough_join_return_local_min.hako	selfhost	selfhost-subset	expected=__EMPTY__;allow_rc=0;planner=[joinir/planner_first rule=LoopCondBreak]	-	rejected	rejected	`callable-loop-handoff/nested-loop-profile-not-admitted`	unknown	selfhost/planner_required_selfhost_subset.tsv:57	accepted-typed-reject	callable-loop-handoff	D0-TYPED-REJECT	not-run	GENERIC-LEGACY-CORPUS-UNIVERSE-P0	-	-	-	-	-	-	-	-
case	selfhost::phase29bq_selfhost_blocker_parse_program2_nested_loop_if_else_fallthrough_join_else_return_blockexpr_min.hako	apps/tests/phase29bq_selfhost_blocker_parse_program2_nested_loop_if_else_fallthrough_join_else_return_blockexpr_min.hako	selfhost	selfhost-subset	expected=__EMPTY__;allow_rc=0;planner=[joinir/planner_first rule=LoopCondBreak]	-	rejected	rejected	`callable-loop-handoff/nested-loop-profile-not-admitted`	unknown	selfhost/planner_required_selfhost_subset.tsv:58	accepted-typed-reject	callable-loop-handoff	D0-TYPED-REJECT	not-run	GENERIC-LEGACY-CORPUS-UNIVERSE-P0	-	-	-	-	-	-	-	-
case	selfhost::phase29bq_selfhost_blocker_parse_program2_nested_loop_if_else_fallthrough_join_else_return_blockexpr_var_min.hako	apps/tests/phase29bq_selfhost_blocker_parse_program2_nested_loop_if_else_fallthrough_join_else_return_blockexpr_var_min.hako	selfhost	selfhost-subset	expected=__EMPTY__;allow_rc=0;planner=[joinir/planner_first rule=LoopCondBreak]	-	rejected	rejected	`callable-loop-handoff/nested-loop-profile-not-admitted`	unknown	selfhost/planner_required_selfhost_subset.tsv:59	accepted-typed-reject	callable-loop-handoff	D0-TYPED-REJECT	not-run	GENERIC-LEGACY-CORPUS-UNIVERSE-P0	-	-	-	-	-	-	-	-
case	selfhost::phase29bq_selfhost_blocker_parse_program2_nested_loop_if_else_fallthrough_join_else_return_local_min.hako	apps/tests/phase29bq_selfhost_blocker_parse_program2_nested_loop_if_else_fallthrough_join_else_return_local_min.hako	selfhost	selfhost-subset	expected=__EMPTY__;allow_rc=0;planner=[joinir/planner_first rule=LoopCondBreak]	-	rejected	rejected	`callable-loop-handoff/nested-loop-profile-not-admitted`	unknown	selfhost/planner_required_selfhost_subset.tsv:60	accepted-typed-reject	callable-loop-handoff	D0-TYPED-REJECT	not-run	GENERIC-LEGACY-CORPUS-UNIVERSE-P0	-	-	-	-	-	-	-	-
case	selfhost::phase29bq_selfhost_blocker_parse_program2_nested_loop_if_else_fallthrough_join_return_blockexpr_min.hako	apps/tests/phase29bq_selfhost_blocker_parse_program2_nested_loop_if_else_fallthrough_join_return_blockexpr_min.hako	selfhost	selfhost-subset	expected=__EMPTY__;allow_rc=0;planner=[joinir/planner_first rule=LoopCondBreak]	-	rejected	rejected	`callable-loop-handoff/nested-loop-profile-not-admitted`	unknown	selfhost/planner_required_selfhost_subset.tsv:61	accepted-typed-reject	callable-loop-handoff	D0-TYPED-REJECT	not-run	GENERIC-LEGACY-CORPUS-UNIVERSE-P0	-	-	-	-	-	-	-	-
case	selfhost::phase29bq_selfhost_blocker_parse_program2_nested_loop_if_else_fallthrough_join_return_blockexpr_local_min.hako	apps/tests/phase29bq_selfhost_blocker_parse_program2_nested_loop_if_else_fallthrough_join_return_blockexpr_local_min.hako	selfhost	selfhost-subset	expected=__EMPTY__;allow_rc=0;planner=[joinir/planner_first rule=LoopCondBreak]	-	rejected	rejected	`callable-loop-handoff/nested-loop-profile-not-admitted`	unknown	selfhost/planner_required_selfhost_subset.tsv:62	accepted-typed-reject	callable-loop-handoff	D0-TYPED-REJECT	not-run	GENERIC-LEGACY-CORPUS-UNIVERSE-P0	-	-	-	-	-	-	-	-
case	selfhost::phase29bq_selfhost_blocker_parse_program2_nested_loop_if_else_fallthrough_join_return_blockexpr_local2_min.hako	apps/tests/phase29bq_selfhost_blocker_parse_program2_nested_loop_if_else_fallthrough_join_return_blockexpr_local2_min.hako	selfhost	selfhost-subset	expected=__EMPTY__;allow_rc=0;planner=[joinir/planner_first rule=LoopCondBreak]	-	rejected	rejected	`callable-loop-handoff/nested-loop-profile-not-admitted`	unknown	selfhost/planner_required_selfhost_subset.tsv:63	accepted-typed-reject	callable-loop-handoff	D0-TYPED-REJECT	not-run	GENERIC-LEGACY-CORPUS-UNIVERSE-P0	-	-	-	-	-	-	-	-
case	selfhost::phase29bq_selfhost_blocker_parse_program2_nested_loop_if_else_fallthrough_join_return_var_blockexpr_min.hako	apps/tests/phase29bq_selfhost_blocker_parse_program2_nested_loop_if_else_fallthrough_join_return_var_blockexpr_min.hako	selfhost	selfhost-subset	expected=__EMPTY__;allow_rc=0;planner=[joinir/planner_first rule=LoopCondBreak]	-	rejected	rejected	`callable-loop-handoff/nested-loop-profile-not-admitted`	unknown	selfhost/planner_required_selfhost_subset.tsv:64	accepted-typed-reject	callable-loop-handoff	D0-TYPED-REJECT	not-run	GENERIC-LEGACY-CORPUS-UNIVERSE-P0	-	-	-	-	-	-	-	-
case	selfhost::phase29bq_selfhost_blocker_parse_program2_nested_loop_if_else_fallthrough_join_return_local_blockexpr_min.hako	apps/tests/phase29bq_selfhost_blocker_parse_program2_nested_loop_if_else_fallthrough_join_return_local_blockexpr_min.hako	selfhost	selfhost-subset	expected=__EMPTY__;allow_rc=0;planner=[joinir/planner_first rule=LoopCondBreak]	-	rejected	rejected	`callable-loop-handoff/nested-loop-profile-not-admitted`	unknown	selfhost/planner_required_selfhost_subset.tsv:65	accepted-typed-reject	callable-loop-handoff	D0-TYPED-REJECT	not-run	GENERIC-LEGACY-CORPUS-UNIVERSE-P0	-	-	-	-	-	-	-	-
case	selfhost::phase29bq_selfhost_blocker_parse_program2_nested_loop_if_else_fallthrough_join_return_blockexpr_blockexpr_min.hako	apps/tests/phase29bq_selfhost_blocker_parse_program2_nested_loop_if_else_fallthrough_join_return_blockexpr_blockexpr_min.hako	selfhost	selfhost-subset	expected=__EMPTY__;allow_rc=0;planner=[joinir/planner_first rule=LoopCondBreak]	-	rejected	rejected	`callable-loop-handoff/nested-loop-profile-not-admitted`	unknown	selfhost/planner_required_selfhost_subset.tsv:66	accepted-typed-reject	callable-loop-handoff	D0-TYPED-REJECT	not-run	GENERIC-LEGACY-CORPUS-UNIVERSE-P0	-	-	-	-	-	-	-	-
case	selfhost::phase29bq_selfhost_blocker_parse_program2_nested_loop_if_else_fallthrough_join_return_blockexpr_var_min.hako	apps/tests/phase29bq_selfhost_blocker_parse_program2_nested_loop_if_else_fallthrough_join_return_blockexpr_var_min.hako	selfhost	selfhost-subset	expected=__EMPTY__;allow_rc=0;planner=[joinir/planner_first rule=LoopCondBreak]	-	rejected	rejected	`callable-loop-handoff/nested-loop-profile-not-admitted`	unknown	selfhost/planner_required_selfhost_subset.tsv:67	accepted-typed-reject	callable-loop-handoff	D0-TYPED-REJECT	not-run	GENERIC-LEGACY-CORPUS-UNIVERSE-P0	-	-	-	-	-	-	-	-
case	selfhost::phase29bq_selfhost_blocker_scan_methods_nested_loop_depth1_no_break_or_continue_min.hako	apps/tests/phase29bq_selfhost_blocker_scan_methods_nested_loop_depth1_no_break_or_continue_min.hako	selfhost	selfhost-subset	expected=0;allow_rc=0;planner=[flowbox/adopt box_kind=Loop features=break,nested_loop via=shadow]	-	failed-before-loop	rejected	`qualified-preflight actual=UnaryOp` site=Body(5) Init	unknown	selfhost/planner_required_selfhost_subset.tsv:68	nonproduction-future-evidence	qualified-preflight	D0-PRE-LOOP-EVIDENCE	not-run	GENERIC-LEGACY-CORPUS-UNIVERSE-P0	-	-	-	-	-	-	-	-
case	selfhost::phase29bq_selfhost_blocker_scan_methods_nested_loop_depth1_no_break_or_continue_pure_min.hako	apps/tests/phase29bq_selfhost_blocker_scan_methods_nested_loop_depth1_no_break_or_continue_pure_min.hako	selfhost	selfhost-subset	expected=0;allow_rc=0;planner=[flowbox/adopt box_kind=Loop features=break,nested_loop via=shadow]	-	rejected	rejected	`nested-loop-profile-not-admitted`	unknown	selfhost/planner_required_selfhost_subset.tsv:69	accepted-typed-reject	callable-loop-handoff	D0-TYPED-REJECT	not-run	GENERIC-LEGACY-CORPUS-UNIVERSE-P0	-	-	-	-	-	-	-	-
case	selfhost::phase29bq_selfhost_blocker_scan_methods_loop_min.hako	apps/tests/phase29bq_selfhost_blocker_scan_methods_loop_min.hako	selfhost	selfhost-subset	expected=0;allow_rc=0;planner=[joinir/planner_first rule=LoopSimpleWhile]	-	rejected	rejected	`semantic-package LoopBreakSource ForestBinding UnsupportedAncestor`	unknown	selfhost/planner_required_selfhost_subset.tsv:70	accepted-typed-reject	semantic-package	D0-TYPED-REJECT	not-run	GENERIC-LEGACY-CORPUS-UNIVERSE-P0	-	-	-	-	-	-	-	-
case	selfhost::phase29bq_selfhost_blocker_scan_all_boxes_empty_then_min.hako	apps/tests/phase29bq_selfhost_blocker_scan_all_boxes_empty_then_min.hako	selfhost	selfhost-subset	expected=0;allow_rc=0;planner=[joinir/planner_first rule=LoopCondBreak]	-	rejected	rejected	`callable-loop/recipe source-unsupported-body-statement`	unknown	selfhost/planner_required_selfhost_subset.tsv:71	accepted-typed-reject	callable-loop	D0-TYPED-REJECT	not-run	GENERIC-LEGACY-CORPUS-UNIVERSE-P0	-	-	-	-	-	-	-	-
case	selfhost::phase29bq_selfhost_blocker_scan_all_boxes_program_stmt_min.hako	apps/tests/phase29bq_selfhost_blocker_scan_all_boxes_program_stmt_min.hako	selfhost	selfhost-subset	expected=0;allow_rc=0;planner=[joinir/planner_first rule=LoopCondBreak]	-	rejected	rejected	`route-not-front-selected CarrierRelation(DeclarationCoverage)` site=Body(2)	unknown	selfhost/planner_required_selfhost_subset.tsv:72	accepted-typed-reject	callable-loop	D0-TYPED-REJECT	not-run	GENERIC-LEGACY-CORPUS-UNIVERSE-P0	-	-	-	-	-	-	-	-
case	selfhost::phase29bq_selfhost_blocker_scan_all_boxes_program_stmt_if_nested_program_min.hako	apps/tests/phase29bq_selfhost_blocker_scan_all_boxes_program_stmt_if_nested_program_min.hako	selfhost	selfhost-subset	expected=4;allow_rc=0;planner=[joinir/planner_first rule=LoopCondBreak]	-	rejected	rejected	`CarrierRelation(TargetCoverage)` site=Body(2)	unknown	selfhost/planner_required_selfhost_subset.tsv:73	accepted-typed-reject	callable-loop	D0-TYPED-REJECT	not-run	GENERIC-LEGACY-CORPUS-UNIVERSE-P0	-	-	-	-	-	-	-	-
case	selfhost::phase29bq_selfhost_blocker_scan_all_boxes_return_in_debug_guard_min.hako	apps/tests/phase29bq_selfhost_blocker_scan_all_boxes_return_in_debug_guard_min.hako	selfhost	selfhost-subset	expected=3;allow_rc=0;planner=[joinir/planner_first rule=LoopCondBreak]	-	rejected	rejected	`CarrierRelation(DeclarationCoverage)` site=Body(2)	unknown	selfhost/planner_required_selfhost_subset.tsv:74	accepted-typed-reject	callable-loop	D0-TYPED-REJECT	not-run	GENERIC-LEGACY-CORPUS-UNIVERSE-P0	-	-	-	-	-	-	-	-
case	selfhost::phase29bq_using_module_roots_min.hako	apps/tests/phase29bq_using_module_roots_min.hako	selfhost	selfhost-subset	expected=1;allow_rc=0;planner=StepTree root for 'Main.equals/1'	-	failed-before-loop	rejected	`mir/main-import-view/selected-header-missing`	unknown	selfhost/planner_required_selfhost_subset.tsv:75	nonproduction-future-evidence	mir/main-import-view	D0-PRE-LOOP-EVIDENCE	not-run	GENERIC-LEGACY-CORPUS-UNIVERSE-P0	-	-	-	-	-	-	-	-
case	selfhost::phase29bq_using_module_roots_multi_min.hako	apps/tests/phase29bq_using_module_roots_multi_min.hako	selfhost	selfhost-subset	expected=2;allow_rc=0;planner=StepTree root for 'Main.equals/1'	-	failed-before-loop	rejected	`mir/main-import-view/selected-header-missing`	unknown	selfhost/planner_required_selfhost_subset.tsv:76	nonproduction-future-evidence	mir/main-import-view	D0-PRE-LOOP-EVIDENCE	not-run	GENERIC-LEGACY-CORPUS-UNIVERSE-P0	-	-	-	-	-	-	-	-
case	selfhost::phase29bq_using_module_roots_priority_min.hako	apps/tests/phase29bq_using_module_roots_priority_min.hako	selfhost	selfhost-subset	expected=2;allow_rc=0;planner=StepTree root for 'Main.equals/1'	-	failed-before-loop	rejected	`mir/main-import-view/selected-header-missing`	unknown	selfhost/planner_required_selfhost_subset.tsv:77	nonproduction-future-evidence	mir/main-import-view	D0-PRE-LOOP-EVIDENCE	not-run	GENERIC-LEGACY-CORPUS-UNIVERSE-P0	-	-	-	-	-	-	-	-
case	selfhost::phase29bq_selfhost_blocker_extract_body_brace_return_min.hako	apps/tests/phase29bq_selfhost_blocker_extract_body_brace_return_min.hako	selfhost	selfhost-subset	expected=1;allow_rc=0;planner=[joinir/planner_first rule=LoopCondBreak]	-	failed-before-loop	rejected	`mir/main-import-view/selected-header-missing`	unknown	selfhost/planner_required_selfhost_subset.tsv:78	nonproduction-future-evidence	mir/main-import-view	D0-PRE-LOOP-EVIDENCE	not-run	GENERIC-LEGACY-CORPUS-UNIVERSE-P0	-	-	-	-	-	-	-	-
case	selfhost::phase29bq_selfhost_blocker_find_matching_brace_return_continue_min.hako	apps/tests/phase29bq_selfhost_blocker_find_matching_brace_return_continue_min.hako	selfhost	selfhost-subset	expected=OK;allow_rc=0;planner=[joinir/planner_first rule=LoopCondBreak]	-	failed-before-loop	rejected	`qualified-preflight actual=Print` site=Body(4)	unknown	selfhost/planner_required_selfhost_subset.tsv:79	nonproduction-future-evidence	qualified-preflight	D0-PRE-LOOP-EVIDENCE	not-run	GENERIC-LEGACY-CORPUS-UNIVERSE-P0	-	-	-	-	-	-	-	-
case	selfhost::phase29bq_selfhost_blocker_generic_loop_print_min.hako	apps/tests/phase29bq_selfhost_blocker_generic_loop_print_min.hako	selfhost	selfhost-subset	expected=P;allow_rc=0;planner=[joinir/planner_first rule=LoopCondBreak]	-	rejected	rejected	`callable-loop/recipe source-unsupported-body-statement`	unknown	selfhost/planner_required_selfhost_subset.tsv:80	accepted-typed-reject	callable-loop	D0-TYPED-REJECT	not-run	GENERIC-LEGACY-CORPUS-UNIVERSE-P0	-	-	-	-	-	-	-	-
case	selfhost::phase29bq_selfhost_blocker_localssa_block_insts_end_min.hako	apps/tests/phase29bq_selfhost_blocker_localssa_block_insts_end_min.hako	selfhost	selfhost-subset	expected=0;allow_rc=0;planner=[joinir/planner_first rule=LoopCondBreak]	-	rejected	rejected	`LoopTrueRouteRejected(SourceItemOutsideLoop)` site=Body(2)	unknown	selfhost/planner_required_selfhost_subset.tsv:81	accepted-typed-reject	callable-loop	D0-TYPED-REJECT	not-run	GENERIC-LEGACY-CORPUS-UNIVERSE-P0	-	-	-	-	-	-	-	-
case	selfhost::phase29bq_selfhost_blocker_loop_cond_if_assign_min.hako	apps/tests/phase29bq_selfhost_blocker_loop_cond_if_assign_min.hako	selfhost	selfhost-subset	expected=2;allow_rc=0;planner=[joinir/planner_first rule=LoopCondBreak]	-	rejected	rejected	`LoopCondRouteRejected(SourceItemsMissing)` site=Body(1)	unknown	selfhost/planner_required_selfhost_subset.tsv:82	accepted-typed-reject	callable-loop	D0-TYPED-REJECT	not-run	GENERIC-LEGACY-CORPUS-UNIVERSE-P0	-	-	-	-	-	-	-	-
case	selfhost::phase29bq_selfhost_blocker_module_roots_loop_min.hako	apps/tests/phase29bq_selfhost_blocker_module_roots_loop_min.hako	selfhost	selfhost-subset	expected=3;allow_rc=0;planner=[joinir/planner_first rule=LoopCondBreak]	-	rejected	rejected	`qualified-preflight actual=Loop` site=Body(8)	unknown	selfhost/planner_required_selfhost_subset.tsv:83	accepted-typed-reject	qualified-preflight	D0-TYPED-REJECT	not-run	GENERIC-LEGACY-CORPUS-UNIVERSE-P0	-	-	-	-	-	-	-	-
case	selfhost::phase29bq_selfhost_blocker_parse_map_min.hako	apps/tests/phase29bq_selfhost_blocker_parse_map_min.hako	selfhost	selfhost-subset	"expected={""type"":""Call"",""name"":""map.of"",""args"":[]};allow_rc=0;planner=[joinir/planner_first rule=LoopCondBreak]"	-	rejected	rejected	`composite/source-target SourceItemDispositionMissing` in LoopBody	unknown	selfhost/planner_required_selfhost_subset.tsv:84	accepted-typed-reject	callable-loop	D0-TYPED-REJECT	not-run	GENERIC-LEGACY-CORPUS-UNIVERSE-P0	-	-	-	-	-	-	-	-
case	selfhost::phase29bq_selfhost_blocker_parse_program2_guard_prog_numeric_parse_loop_min.hako	apps/tests/phase29bq_selfhost_blocker_parse_program2_guard_prog_numeric_parse_loop_min.hako	selfhost	selfhost-subset	expected=5;allow_rc=0;planner=[flowbox/adopt box_kind=Loop features=break via=shadow]	-	rejected	rejected	`qualified-preflight actual=Loop` site=Body(5)	unknown	selfhost/planner_required_selfhost_subset.tsv:85	accepted-typed-reject	qualified-preflight	D0-TYPED-REJECT	not-run	GENERIC-LEGACY-CORPUS-UNIVERSE-P0	-	-	-	-	-	-	-	-
case	selfhost::phase29bq_selfhost_blocker_parse_program2_nested_loop_min.hako	apps/tests/phase29bq_selfhost_blocker_parse_program2_nested_loop_min.hako	selfhost	selfhost-subset	expected=2;allow_rc=0;planner=[joinir/planner_first rule=LoopCondBreak]	-	rejected	rejected	`nested-loop-profile-not-admitted`	unknown	selfhost/planner_required_selfhost_subset.tsv:86	accepted-typed-reject	callable-loop-handoff	D0-TYPED-REJECT	not-run	GENERIC-LEGACY-CORPUS-UNIVERSE-P0	-	-	-	-	-	-	-	-
case	selfhost::phase29bq_selfhost_blocker_parse_program2_prelude1_ws_loop_min.hako	apps/tests/phase29bq_selfhost_blocker_parse_program2_prelude1_ws_loop_min.hako	selfhost	selfhost-subset	expected=1;allow_rc=0;planner=[joinir/planner_first rule=LoopCondBreak]	-	failed-before-loop	rejected	`qualified-preflight actual=BinaryOp` site=Body(6) IfCondition	unknown	selfhost/planner_required_selfhost_subset.tsv:87	nonproduction-future-evidence	qualified-preflight	D0-PRE-LOOP-EVIDENCE	not-run	GENERIC-LEGACY-CORPUS-UNIVERSE-P0	-	-	-	-	-	-	-	-
case	selfhost::phase29bq_selfhost_blocker_parse_program2_prelude2_depth_ws_loop_min.hako	apps/tests/phase29bq_selfhost_blocker_parse_program2_prelude2_depth_ws_loop_min.hako	selfhost	selfhost-subset	expected=1;allow_rc=0;planner=[joinir/planner_first rule=LoopCondBreak]	-	failed-before-loop	rejected	`qualified-preflight actual=Print` site=Body(7) nested IfThen	unknown	selfhost/planner_required_selfhost_subset.tsv:88	nonproduction-future-evidence	qualified-preflight	D0-PRE-LOOP-EVIDENCE	not-run	GENERIC-LEGACY-CORPUS-UNIVERSE-P0	-	-	-	-	-	-	-	-
case	selfhost::phase29bq_selfhost_blocker_parse_program2_ws_loopcount_continue_min.hako	apps/tests/phase29bq_selfhost_blocker_parse_program2_ws_loopcount_continue_min.hako	selfhost	selfhost-subset	expected=1;allow_rc=0;planner=[joinir/planner_first rule=LoopCondBreak]	-	rejected	rejected	`qualified-preflight actual=Loop` site=Body(5)	unknown	selfhost/planner_required_selfhost_subset.tsv:89	accepted-typed-reject	qualified-preflight	D0-TYPED-REJECT	not-run	GENERIC-LEGACY-CORPUS-UNIVERSE-P0	-	-	-	-	-	-	-	-
case	selfhost::phase29bq_selfhost_blocker_parse_stmt_skipws_min.hako	apps/tests/phase29bq_selfhost_blocker_parse_stmt_skipws_min.hako	selfhost	selfhost-subset	expected=1;allow_rc=0;planner=[joinir/planner_first rule=LoopCondBreak]	-	rejected	rejected	`qualified-preflight actual=Loop` site=Body(3)	unknown	selfhost/planner_required_selfhost_subset.tsv:91	accepted-typed-reject	qualified-preflight	D0-TYPED-REJECT	not-run	GENERIC-LEGACY-CORPUS-UNIVERSE-P0	-	-	-	-	-	-	-	-
case	selfhost::phase29bq_selfhost_blocker_parse_string2_min.hako	apps/tests/phase29bq_selfhost_blocker_parse_string2_min.hako	selfhost	selfhost-subset	"expected={""type"":""Str"",""value"":""a""};allow_rc=0;planner=[joinir/planner_first rule=LoopCondBreak]"	-	rejected	rejected	`composite/source-target SourceItemDispositionMissing` in LoopBody IfThen	unknown	selfhost/planner_required_selfhost_subset.tsv:92	accepted-typed-reject	callable-loop	D0-TYPED-REJECT	not-run	GENERIC-LEGACY-CORPUS-UNIVERSE-P0	-	-	-	-	-	-	-	-
case	selfhost::phase29bq_selfhost_blocker_parse_term2_min.hako	apps/tests/phase29bq_selfhost_blocker_parse_term2_min.hako	selfhost	selfhost-subset	expected=1;allow_rc=0;planner=[joinir/planner_first rule=LoopCondBreak]	-	rejected	rejected	`composite/source-target SourceItemDispositionMissing` in LoopBody	unknown	selfhost/planner_required_selfhost_subset.tsv:93	accepted-typed-reject	callable-loop	D0-TYPED-REJECT	not-run	GENERIC-LEGACY-CORPUS-UNIVERSE-P0	-	-	-	-	-	-	-	-
case	selfhost::phase29bq_selfhost_blocker_parse_try_min.hako	apps/tests/phase29bq_selfhost_blocker_parse_try_min.hako	selfhost	selfhost-subset	expected=2;allow_rc=0;planner=[joinir/planner_first rule=LoopCondBreak]	-	rejected	rejected	`qualified-preflight actual=Loop` site=Body(3)	unknown	selfhost/planner_required_selfhost_subset.tsv:94	accepted-typed-reject	qualified-preflight	D0-TYPED-REJECT	not-run	GENERIC-LEGACY-CORPUS-UNIVERSE-P0	-	-	-	-	-	-	-	-
case	selfhost::phase29bq_selfhost_blocker_parse_using_min.hako	apps/tests/phase29bq_selfhost_blocker_parse_using_min.hako	selfhost	selfhost-subset	expected=a.b;allow_rc=0;planner=[joinir/planner_first rule=LoopCondBreak]	-	rejected	rejected	`qualified-preflight actual=Loop` site=Body(3)	unknown	selfhost/planner_required_selfhost_subset.tsv:95	accepted-typed-reject	qualified-preflight	D0-TYPED-REJECT	not-run	GENERIC-LEGACY-CORPUS-UNIVERSE-P0	-	-	-	-	-	-	-	-
case	selfhost::phase29bq_selfhost_blocker_peek_parse_min.hako	apps/tests/phase29bq_selfhost_blocker_peek_parse_min.hako	selfhost	selfhost-subset	expected=[];allow_rc=0;planner=[joinir/planner_first rule=LoopCondBreak]	-	rejected	rejected	`callable-loop-handoff/incomplete-binding-coverage`	unknown	selfhost/planner_required_selfhost_subset.tsv:96	accepted-typed-reject	callable-loop-handoff	D0-TYPED-REJECT	not-run	GENERIC-LEGACY-CORPUS-UNIVERSE-P0	-	-	-	-	-	-	-	-
case	selfhost::phase29bq_selfhost_blocker_decode_escapes_if_idx12_min.hako	apps/tests/phase29bq_selfhost_blocker_decode_escapes_if_idx12_min.hako	selfhost	selfhost-subset	expected=0;allow_rc=0;planner=[joinir/planner_first rule=LoopCondBreak]	-	rejected	rejected	`qualified-preflight actual=Loop` site=Body(4)	unknown	selfhost/planner_required_selfhost_subset.tsv:97	accepted-typed-reject	qualified-preflight	D0-TYPED-REJECT	not-run	GENERIC-LEGACY-CORPUS-UNIVERSE-P0	-	-	-	-	-	-	-	-
case	selfhost::phase29bq_selfhost_blocker_decode_escapes_loop_min.hako	apps/tests/phase29bq_selfhost_blocker_decode_escapes_loop_min.hako	selfhost	selfhost-subset	expected=57005;allow_rc=0;planner=[joinir/planner_first rule=LoopCondBreak]	-	failed-before-loop	rejected	`mir/normal-root/consume MainMustBeStatic`	unknown	selfhost/planner_required_selfhost_subset.tsv:98	nonproduction-future-evidence	mir/normal-root	D0-PRE-LOOP-EVIDENCE	not-run	GENERIC-LEGACY-CORPUS-UNIVERSE-P0	-	-	-	-	-	-	-	-
case	selfhost::phase29bq_selfhost_blocker_parse_loop_min.hako	apps/tests/phase29bq_selfhost_blocker_parse_loop_min.hako	selfhost	selfhost-subset	"expected={""type"":""Loop"",""cond"":""COND"",""body"":[]};allow_rc=0;planner=[joinir/planner_first rule=LoopCondBreak]"	-	failed-before-loop	rejected	`mir/main-import-view/selected-header-missing`	unknown	selfhost/planner_required_selfhost_subset.tsv:99	nonproduction-future-evidence	mir/main-import-view	D0-PRE-LOOP-EVIDENCE	not-run	GENERIC-LEGACY-CORPUS-UNIVERSE-P0	-	-	-	-	-	-	-	-
case	selfhost::phase29bq_selfhost_blocker_parse_string2_real_min.hako	apps/tests/phase29bq_selfhost_blocker_parse_string2_real_min.hako	selfhost	selfhost-subset	expected=A;allow_rc=0;planner=[joinir/planner_first rule=LoopCondBreak]	-	failed-before-loop	rejected	`mir/main-import-view/selected-header-missing`	unknown	selfhost/planner_required_selfhost_subset.tsv:100	nonproduction-future-evidence	mir/main-import-view	D0-PRE-LOOP-EVIDENCE	not-run	GENERIC-LEGACY-CORPUS-UNIVERSE-P0	-	-	-	-	-	-	-	-
case	selfhost::phase29bq_selfhost_blocker_parse_string2_return_prelude_call_min.hako	apps/tests/phase29bq_selfhost_blocker_parse_string2_return_prelude_call_min.hako	selfhost	selfhost-subset	expected=MISS;allow_rc=0;planner=[joinir/planner_first rule=LoopCondBreak]	-	failed-before-loop	rejected	`mir/main-import-view/selected-header-missing`	unknown	selfhost/planner_required_selfhost_subset.tsv:101	nonproduction-future-evidence	mir/main-import-view	D0-PRE-LOOP-EVIDENCE	not-run	GENERIC-LEGACY-CORPUS-UNIVERSE-P0	-	-	-	-	-	-	-	-
case	selfhost::phase29bq_selfhost_blocker_parse_local_fini_min.hako	apps/tests/phase29bq_selfhost_blocker_parse_local_fini_min.hako	selfhost	selfhost-subset	expected=SEBAF0;allow_rc=0;planner=[joinir/planner_first rule=LoopCondBreak]	-	failed-before-loop	rejected	`semantic-package ResolverDeferred UnsupportedStatement TryCatch` site=Body(1)	unknown	selfhost/planner_required_selfhost_subset.tsv:102	nonproduction-future-evidence	semantic-package	D0-PRE-LOOP-EVIDENCE	not-run	GENERIC-LEGACY-CORPUS-UNIVERSE-P0	-	-	-	-	-	-	-	-
case	selfhost::phase29bq_selfhost_blocker_parse_local_fini_no_init_min.hako	apps/tests/phase29bq_selfhost_blocker_parse_local_fini_no_init_min.hako	selfhost	selfhost-subset	expected=BA;allow_rc=0;planner=[joinir/planner_first rule=LoopCondBreak]	-	failed-before-loop	rejected	`TryCatch` site=Body(1)	unknown	selfhost/planner_required_selfhost_subset.tsv:103	nonproduction-future-evidence	semantic-package	D0-PRE-LOOP-EVIDENCE	not-run	GENERIC-LEGACY-CORPUS-UNIVERSE-P0	-	-	-	-	-	-	-	-
case	selfhost::phase29bq_selfhost_blocker_parse_local_fini_nested_scope_min.hako	apps/tests/phase29bq_selfhost_blocker_parse_local_fini_nested_scope_min.hako	selfhost	selfhost-subset	expected=IAMO;allow_rc=0;planner=[joinir/planner_first rule=LoopCondBreak]	-	failed-before-loop	rejected	`TryCatch` site=Body(1)	unknown	selfhost/planner_required_selfhost_subset.tsv:104	nonproduction-future-evidence	semantic-package	D0-PRE-LOOP-EVIDENCE	not-run	GENERIC-LEGACY-CORPUS-UNIVERSE-P0	-	-	-	-	-	-	-	-
case	selfhost::phase29bq_selfhost_blocker_parser_stmt_equals_min.hako	apps/tests/phase29bq_selfhost_blocker_parser_stmt_equals_min.hako	selfhost	selfhost-subset	expected=__EMPTY__;allow_rc=1;planner=StepTree root for 'ParserStmtBox.equals/1'	-	failed-before-loop	rejected	`mir/main-qualified-recipe/relation-missing`	unknown	selfhost/planner_required_selfhost_subset.tsv:105	nonproduction-future-evidence	mir/main-qualified-recipe	D0-PRE-LOOP-EVIDENCE	not-run	GENERIC-LEGACY-CORPUS-UNIVERSE-P0	-	-	-	-	-	-	-	-
case	selfhost::phase29bq_selfhost_blocker_phi_injector_collect_phi_vars_k_loop_no_exit_min.hako	apps/tests/phase29bq_selfhost_blocker_phi_injector_collect_phi_vars_k_loop_no_exit_min.hako	selfhost	selfhost-subset	expected=6;allow_rc=0;planner=[joinir/planner_first rule=LoopSimpleWhile] label=LoopSimpleWhile	-	failed-before-loop	rejected	`qualified-preflight actual=New` site=Body(0) Init	unknown	selfhost/planner_required_selfhost_subset.tsv:106	nonproduction-future-evidence	qualified-preflight	D0-PRE-LOOP-EVIDENCE	not-run	GENERIC-LEGACY-CORPUS-UNIVERSE-P0	-	-	-	-	-	-	-	-
case	selfhost::phase29bq_selfhost_blocker_phi_injector_collect_phi_vars_len_loop_min.hako	apps/tests/phase29bq_selfhost_blocker_phi_injector_collect_phi_vars_len_loop_min.hako	selfhost	selfhost-subset	expected=60;allow_rc=0;planner=[joinir/planner_first rule=LoopSimpleWhile] label=LoopSimpleWhile	-	failed-before-loop	rejected	`qualified-preflight actual=New` site=Body(0) Init	unknown	selfhost/planner_required_selfhost_subset.tsv:107	nonproduction-future-evidence	qualified-preflight	D0-PRE-LOOP-EVIDENCE	not-run	GENERIC-LEGACY-CORPUS-UNIVERSE-P0	-	-	-	-	-	-	-	-
case	selfhost::phase29bq_selfhost_blocker_phi_injector_collect_phi_vars_nested_loop_count_min.hako	apps/tests/phase29bq_selfhost_blocker_phi_injector_collect_phi_vars_nested_loop_count_min.hako	selfhost	selfhost-subset	expected=3;allow_rc=0;planner=[joinir/planner_first rule=LoopCondBreak] label=LoopExitIfBreakContinue	-	failed-before-loop	rejected	`qualified-preflight actual=New` site=Body(0) Init	unknown	selfhost/planner_required_selfhost_subset.tsv:108	nonproduction-future-evidence	qualified-preflight	D0-PRE-LOOP-EVIDENCE	not-run	GENERIC-LEGACY-CORPUS-UNIVERSE-P0	-	-	-	-	-	-	-	-
case	selfhost::phase29bq_selfhost_blocker_phi_injector_collect_phi_vars_var_step_len_loop_min.hako	apps/tests/phase29bq_selfhost_blocker_phi_injector_collect_phi_vars_var_step_len_loop_min.hako	selfhost	selfhost-subset	expected=10;allow_rc=0;planner=[joinir/planner_first rule=LoopSimpleWhile] label=LoopSimpleWhile	-	failed-before-loop	rejected	`qualified-preflight actual=New` site=Body(0) Init	unknown	selfhost/planner_required_selfhost_subset.tsv:109	nonproduction-future-evidence	qualified-preflight	D0-PRE-LOOP-EVIDENCE	not-run	GENERIC-LEGACY-CORPUS-UNIVERSE-P0	-	-	-	-	-	-	-	-
case	selfhost::phase29bq_selfhost_blocker_phi_missing_step_join_cursor_min.hako	apps/tests/phase29bq_selfhost_blocker_phi_missing_step_join_cursor_min.hako	selfhost	selfhost-subset	expected=0;allow_rc=0;planner=[joinir/planner_first rule=LoopCondBreak] label=LoopExitIfBreakContinue	-	rejected	rejected	`route-not-front-selected CarrierRelation(MissingIncrement)` site=Body(2)	unknown	selfhost/planner_required_selfhost_subset.tsv:110	accepted-typed-reject	callable-loop	D0-TYPED-REJECT	not-run	GENERIC-LEGACY-CORPUS-UNIVERSE-P0	-	-	-	-	-	-	-	-
case	selfhost::phase29bq_selfhost_blocker_return_continue_hetero_min.hako	apps/tests/phase29bq_selfhost_blocker_return_continue_hetero_min.hako	selfhost	selfhost-subset	expected=1;allow_rc=0;planner=[flowbox/adopt box_kind=Loop features=return,continue via=shadow]	-	failed-before-loop	rejected	`qualified-preflight actual=New` site=Body(0) Init	unknown	selfhost/planner_required_selfhost_subset.tsv:111	nonproduction-future-evidence	qualified-preflight	D0-PRE-LOOP-EVIDENCE	not-run	GENERIC-LEGACY-CORPUS-UNIVERSE-P0	-	-	-	-	-	-	-	-
case	selfhost::phase29bq_selfhost_blocker_return_continue_hetero_nested_return_depth3_min.hako	apps/tests/phase29bq_selfhost_blocker_return_continue_hetero_nested_return_depth3_min.hako	selfhost	selfhost-subset	expected=1;allow_rc=0;planner=[joinir/planner_first rule=LoopCondContinueWithReturn] label=LoopContinueWithReturn	-	failed-before-loop	rejected	`qualified-preflight actual=New` site=Body(0) Init	unknown	selfhost/planner_required_selfhost_subset.tsv:112	nonproduction-future-evidence	qualified-preflight	D0-PRE-LOOP-EVIDENCE	not-run	GENERIC-LEGACY-CORPUS-UNIVERSE-P0	-	-	-	-	-	-	-	-
case	selfhost::phase29bq_selfhost_blocker_return_continue_hetero_simple.hako	apps/tests/phase29bq_selfhost_blocker_return_continue_hetero_simple.hako	selfhost	selfhost-subset	expected=-1;allow_rc=0;planner=[joinir/planner_first rule=LoopCondContinueWithReturn] label=LoopContinueWithReturn	-	failed-before-loop	rejected	`qualified-preflight actual=New` site=Body(0) Init	unknown	selfhost/planner_required_selfhost_subset.tsv:113	nonproduction-future-evidence	qualified-preflight	D0-PRE-LOOP-EVIDENCE	not-run	GENERIC-LEGACY-CORPUS-UNIVERSE-P0	-	-	-	-	-	-	-	-
case	selfhost::phase29bq_selfhost_blocker_rewriteknown_itoa_complex_step_min.hako	apps/tests/phase29bq_selfhost_blocker_rewriteknown_itoa_complex_step_min.hako	selfhost	selfhost-subset	expected=12;allow_rc=0;planner=[joinir/planner_first rule=LoopSimpleWhile] label=LoopSimpleWhile	-	rejected	rejected	`ResolverDeferred UnsupportedExpression` in LoopBody(1)	unknown	selfhost/planner_required_selfhost_subset.tsv:114	accepted-typed-reject	semantic-package	D0-TYPED-REJECT	not-run	GENERIC-LEGACY-CORPUS-UNIVERSE-P0	-	-	-	-	-	-	-	-
case	selfhost::phase29bq_selfhost_blocker_rewriteknown_trim_loop_cond_and_methodcall_min.hako	apps/tests/phase29bq_selfhost_blocker_rewriteknown_trim_loop_cond_and_methodcall_min.hako	selfhost	selfhost-subset	expected=ab;allow_rc=0;planner=[joinir/planner_first rule=LoopSimpleWhile] label=LoopSimpleWhile	-	failed-before-loop	rejected	`mir/main-import-view/selected-header-missing`	unknown	selfhost/planner_required_selfhost_subset.tsv:115	nonproduction-future-evidence	mir/main-import-view	D0-PRE-LOOP-EVIDENCE	not-run	GENERIC-LEGACY-CORPUS-UNIVERSE-P0	-	-	-	-	-	-	-	-
case	selfhost::phase29bq_selfhost_blocker_rewriteknown_try_apply_loop_true_tail_return_min.hako	apps/tests/phase29bq_selfhost_blocker_rewriteknown_try_apply_loop_true_tail_return_min.hako	selfhost	selfhost-subset	expected=X;allow_rc=0;planner=[flowbox/adopt box_kind=Loop features=return,continue via=shadow]	-	failed-before-loop	rejected	`mir/main-import-view/selected-header-missing`	unknown	selfhost/planner_required_selfhost_subset.tsv:116	nonproduction-future-evidence	mir/main-import-view	D0-PRE-LOOP-EVIDENCE	not-run	GENERIC-LEGACY-CORPUS-UNIVERSE-P0	-	-	-	-	-	-	-	-
case	selfhost::phase29bq_selfhost_blocker_seek_array_end_return_if_min.hako	apps/tests/phase29bq_selfhost_blocker_seek_array_end_return_if_min.hako	selfhost	selfhost-subset	expected=0;allow_rc=0;planner=[joinir/planner_first rule=LoopCondReturnInBody] label=LoopReturnInBody	-	failed-before-loop	rejected	`qualified-preflight actual=New` site=Body(0) Init	unknown	selfhost/planner_required_selfhost_subset.tsv:117	nonproduction-future-evidence	qualified-preflight	D0-PRE-LOOP-EVIDENCE	not-run	GENERIC-LEGACY-CORPUS-UNIVERSE-P0	-	-	-	-	-	-	-	-
case	selfhost::phase29bq_selfhost_blocker_stageb_bundle_mod_if_min.hako	apps/tests/phase29bq_selfhost_blocker_stageb_bundle_mod_if_min.hako	selfhost	selfhost-subset	expected=0;allow_rc=0;planner=[joinir/planner_first rule=LoopCondBreak] label=LoopExitIfBreakContinue	-	failed-before-loop	rejected	`mir/normal-root/consume IntegrityInvalid`	unknown	selfhost/planner_required_selfhost_subset.tsv:118	nonproduction-future-evidence	mir/normal-root	D0-PRE-LOOP-EVIDENCE	not-run	GENERIC-LEGACY-CORPUS-UNIVERSE-P0	-	-	-	-	-	-	-	-
case	selfhost::phase29bq_selfhost_blocker_stageb_trace_if_no_else_min.hako	apps/tests/phase29bq_selfhost_blocker_stageb_trace_if_no_else_min.hako	selfhost	selfhost-subset	expected=0;allow_rc=0;planner=[joinir/planner_first rule=LoopCondBreak] label=LoopExitIfBreakContinue	-	rejected	rejected	`qualified-preflight actual=Loop` site=Body(2)	unknown	selfhost/planner_required_selfhost_subset.tsv:119	accepted-typed-reject	qualified-preflight	D0-TYPED-REJECT	not-run	GENERIC-LEGACY-CORPUS-UNIVERSE-P0	-	-	-	-	-	-	-	-
case	selfhost::phase29bq_selfhost_blocker_scan_with_quote_min.hako	apps/tests/phase29bq_selfhost_blocker_scan_with_quote_min.hako	selfhost	selfhost-subset	expected=aX@0;allow_rc=0;planner=[flowbox/adopt box_kind=Loop features=return via=shadow]	-	rejected	rejected	`route-not-front-selected GenericLoopV1NotSelected` fn=Main.scan_with_quote*/3 site=Body(9)	unknown	selfhost/planner_required_selfhost_subset.tsv:120	accepted-typed-reject	callable-loop	D0-TYPED-REJECT	not-run	GENERIC-LEGACY-CORPUS-UNIVERSE-P0	-	-	-	-	-	-	-	-
case	selfhost::phase29bq_selfhost_blocker_scan_with_quote_loop_min.hako	apps/tests/phase29bq_selfhost_blocker_scan_with_quote_loop_min.hako	selfhost	selfhost-subset	expected=aX@0;allow_rc=0;planner=[flowbox/adopt box_kind=Loop features=return via=shadow]	-	rejected	rejected	`route-not-front-selected GenericLoopV1NotSelected` fn=Main.scan_with_quote*/3 site=Body(9)	unknown	selfhost/planner_required_selfhost_subset.tsv:121	accepted-typed-reject	callable-loop	D0-TYPED-REJECT	not-run	GENERIC-LEGACY-CORPUS-UNIVERSE-P0	-	-	-	-	-	-	-	-
case	selfhost::phase29bq_selfhost_blocker_scan_with_quote_loop_full_min.hako	apps/tests/phase29bq_selfhost_blocker_scan_with_quote_loop_full_min.hako	selfhost	selfhost-subset	expected=aX@0;allow_rc=0;planner=[flowbox/adopt box_kind=Loop features=return via=shadow]	-	rejected	rejected	`route-not-front-selected GenericLoopV1NotSelected` fn=Main.scan_with_quote*/3 site=Body(9)	unknown	selfhost/planner_required_selfhost_subset.tsv:122	accepted-typed-reject	callable-loop	D0-TYPED-REJECT	not-run	GENERIC-LEGACY-CORPUS-UNIVERSE-P0	-	-	-	-	-	-	-	-
case	selfhost::phase29bq_selfhost_blocker_usingcollector_loop_full_min.hako	apps/tests/phase29bq_selfhost_blocker_usingcollector_loop_full_min.hako	selfhost	selfhost-subset	expected=[];allow_rc=0;planner=[flowbox/adopt box_kind=Loop features= via=shadow]	-	failed-before-loop	rejected	`mir/main-import-view/selected-header-missing`	unknown	selfhost/planner_required_selfhost_subset.tsv:123	nonproduction-future-evidence	mir/main-import-view	D0-PRE-LOOP-EVIDENCE	not-run	GENERIC-LEGACY-CORPUS-UNIVERSE-P0	-	-	-	-	-	-	-	-
case	selfhost::phase29bq_selfhost_blocker_scan_methods_loop_block_min.hako	apps/tests/phase29bq_selfhost_blocker_scan_methods_loop_block_min.hako	selfhost	selfhost-subset	expected=0;allow_rc=0;planner=[flowbox/adopt box_kind=Loop features=nested_loop via=shadow]	-	rejected	rejected	"`ResolverDeferred UnresolvedName ""j""` in LoopBody(4)"	unknown	selfhost/planner_required_selfhost_subset.tsv:124	accepted-typed-reject	semantic-package	D0-TYPED-REJECT	not-run	GENERIC-LEGACY-CORPUS-UNIVERSE-P0	-	-	-	-	-	-	-	-
case	selfhost::phase29bq_selfhost_blocker_scan_methods_nested_loop_idx19_min.hako	apps/tests/phase29bq_selfhost_blocker_scan_methods_nested_loop_idx19_min.hako	selfhost	selfhost-subset	expected=OK;allow_rc=0;planner=[flowbox/adopt box_kind=Loop features=continue,nested_loop via=shadow]	-	rejected	rejected	`semantic-package LoopBreakSource Composite(ForestLookup)`	unknown	selfhost/planner_required_selfhost_subset.tsv:125	accepted-typed-reject	semantic-package	D0-TYPED-REJECT	not-run	GENERIC-LEGACY-CORPUS-UNIVERSE-P0	-	-	-	-	-	-	-	-
case	selfhost::phase29bq_selfhost_blocker_scan_methods_nested_loop_idx28_min.hako	apps/tests/phase29bq_selfhost_blocker_scan_methods_nested_loop_idx28_min.hako	selfhost	selfhost-subset	expected=OK;allow_rc=0;planner=[flowbox/adopt box_kind=Loop features=continue,nested_loop via=shadow]	-	rejected	rejected	`semantic-package LoopBreakSource Composite(ForestLookup)`	unknown	selfhost/planner_required_selfhost_subset.tsv:126	accepted-typed-reject	semantic-package	D0-TYPED-REJECT	not-run	GENERIC-LEGACY-CORPUS-UNIVERSE-P0	-	-	-	-	-	-	-	-
case	selfhost::phase29bq_selfhost_blocker_scan_methods_program_block_min.hako	apps/tests/phase29bq_selfhost_blocker_scan_methods_program_block_min.hako	selfhost	selfhost-subset	expected=OK;allow_rc=0;planner=[flowbox/adopt box_kind=Loop features=continue,nested_loop via=shadow]	-	rejected	rejected	`LoopBreakSource Composite(ForestLookup)`	unknown	selfhost/planner_required_selfhost_subset.tsv:127	accepted-typed-reject	semantic-package	D0-TYPED-REJECT	not-run	GENERIC-LEGACY-CORPUS-UNIVERSE-P0	-	-	-	-	-	-	-	-
case	selfhost::phase29bq_selfhost_blocker_while_cap_min.hako	apps/tests/phase29bq_selfhost_blocker_while_cap_min.hako	selfhost	selfhost-subset	expected=10;allow_rc=0;planner=[joinir/planner_first rule=LoopSimpleWhile] label=LoopSimpleWhile	-	failed-before-loop	rejected	same parser grammar-contract reject	unknown	selfhost/planner_required_selfhost_subset.tsv:128	nonproduction-future-evidence	parser	D0-PRE-LOOP-EVIDENCE	not-run	GENERIC-LEGACY-CORPUS-UNIVERSE-P0	-	-	-	-	-	-	-	-
case	selfhost::phase29bq_selfhost_blocker_phi_collect_outer_loop_min.hako	apps/tests/phase29bq_selfhost_blocker_phi_collect_outer_loop_min.hako	selfhost	selfhost-subset	expected=6;allow_rc=0;planner=[joinir/planner_first rule=LoopSimpleWhile] label=LoopSimpleWhile	-	failed-before-loop	rejected	`qualified-preflight actual=New` site=Body(0) Init	unknown	selfhost/planner_required_selfhost_subset.tsv:129	nonproduction-future-evidence	qualified-preflight	D0-PRE-LOOP-EVIDENCE	not-run	GENERIC-LEGACY-CORPUS-UNIVERSE-P0	-	-	-	-	-	-	-	-
case	selfhost::selfhost-_scan_methods-nested-loop-cluster3	apps/tests/phase29bq_selfhost_blocker_scan_methods_nested_loop_cluster3_min.hako	selfhost	selfhost-subset	expected=0;allow_rc=0;planner=[flowbox/adopt box_kind=Loop features=break,nested_loop via=shadow];filter_alias=selfhost _scan_methods nested loop cluster3	-	rejected	rejected	`LoopBreakSource Composite(ForestLookup)`	unknown	selfhost/planner_required_selfhost_subset.tsv:130	accepted-typed-reject	semantic-package	D0-TYPED-REJECT	not-run	GENERIC-LEGACY-CORPUS-UNIVERSE-P0	-	-	-	-	-	-	-	-
case	selfhost::selfhost-_scan_methods-nested-loop-depth1-with-method-call	apps/tests/phase29bq_selfhost_blocker_scan_methods_nested_loop_depth1_methodcall_min.hako	selfhost	selfhost-subset	expected=0;allow_rc=0;planner=[flowbox/adopt box_kind=Loop features=break,nested_loop via=shadow];filter_alias=selfhost _scan_methods nested loop depth1 with method call	-	failed-before-loop	rejected	`qualified-preflight actual=UnaryOp` site=Body(5) Init	unknown	selfhost/planner_required_selfhost_subset.tsv:131	nonproduction-future-evidence	qualified-preflight	D0-PRE-LOOP-EVIDENCE	not-run	GENERIC-LEGACY-CORPUS-UNIVERSE-P0	-	-	-	-	-	-	-	-
case	selfhost::selfhost-_scan_methods-nested-loop-idx35-rbrace-scan-	apps/tests/phase29bq_selfhost_blocker_scan_methods_nested_loop_idx35_min.hako	selfhost	selfhost-subset	expected=OK;allow_rc=0;planner=[flowbox/adopt box_kind=Loop features=break,nested_loop via=shadow];filter_alias=selfhost _scan_methods nested loop idx35 (rbrace scan)	-	rejected	rejected	`LoopBreakSource Composite(ForestLookup)`	unknown	selfhost/planner_required_selfhost_subset.tsv:132	accepted-typed-reject	semantic-package	D0-TYPED-REJECT	not-run	GENERIC-LEGACY-CORPUS-UNIVERSE-P0	-	-	-	-	-	-	-	-
case	selfhost::selfhost-_scan_methods-Program-stmt-with-nested-methodcall-loop	apps/tests/phase29bq_selfhost_blocker_scan_methods_program_stmt_with_loop_methodcall_min.hako	selfhost	selfhost-subset	expected=2;allow_rc=0;planner=[flowbox/adopt box_kind=Loop features=break,nested_loop via=shadow];filter_alias=selfhost _scan_methods Program stmt with nested methodcall loop	-	rejected	rejected	`LoopBreakSource Composite(ForestLookup)`	unknown	selfhost/planner_required_selfhost_subset.tsv:133	accepted-typed-reject	semantic-package	D0-TYPED-REJECT	not-run	GENERIC-LEGACY-CORPUS-UNIVERSE-P0	-	-	-	-	-	-	-	-
case	selfhost::selfhost-_scan_methods-Program-stmt-with-nested-loop	apps/tests/phase29bq_selfhost_blocker_scan_methods_program_stmt_with_loop_min.hako	selfhost	selfhost-subset	expected=0;allow_rc=0;planner=[flowbox/adopt box_kind=Loop features=break,nested_loop via=shadow];filter_alias=selfhost _scan_methods Program stmt with nested loop	-	rejected	rejected	`LoopBreakSource Composite(ForestLookup)`	unknown	selfhost/planner_required_selfhost_subset.tsv:134	accepted-typed-reject	semantic-package	D0-TYPED-REJECT	not-run	GENERIC-LEGACY-CORPUS-UNIVERSE-P0	-	-	-	-	-	-	-	-
case	selfhost::phase29bq_selfhost_blocker_scan_methods_nested_loop_state_machine_min.hako	apps/tests/phase29bq_selfhost_blocker_scan_methods_nested_loop_state_machine_min.hako	selfhost	selfhost-subset	expected=2;allow_rc=0;planner=[flowbox/adopt box_kind=Loop features=break,continue via=shadow]	-	rejected	rejected	`LoopBreakSource Composite(ForestLookup)`	unknown	selfhost/planner_required_selfhost_subset.tsv:135	accepted-typed-reject	semantic-package	D0-TYPED-REJECT	not-run	GENERIC-LEGACY-CORPUS-UNIVERSE-P0	-	-	-	-	-	-	-	-
case	selfhost::phase29bq_selfhost_blocker_scan_ident_min.hako	apps/tests/phase29bq_selfhost_blocker_scan_ident_min.hako	selfhost	selfhost-subset	expected=ab1@0;allow_rc=0;planner=[flowbox/adopt box_kind=Loop features=break,continue via=shadow]	-	failed-before-loop	rejected	`qualified-preflight actual=Print` site=Body(1)	unknown	selfhost/planner_required_selfhost_subset.tsv:136	nonproduction-future-evidence	qualified-preflight	D0-PRE-LOOP-EVIDENCE	not-run	GENERIC-LEGACY-CORPUS-UNIVERSE-P0	-	-	-	-	-	-	-	-
case	selfhost::phase29bq_selfhost_blocker_phi_injector_collect_phi_vars_nested_loop_no_exit_var_step_min.hako	apps/tests/phase29bq_selfhost_blocker_phi_injector_collect_phi_vars_nested_loop_no_exit_var_step_min.hako	selfhost	selfhost-subset	expected=18;allow_rc=0;planner=[flowbox/adopt box_kind=Loop features=nested_loop via=shadow]	-	failed-before-loop	rejected	`qualified-preflight actual=New` site=Body(0) Init	unknown	selfhost/planner_required_selfhost_subset.tsv:137	nonproduction-future-evidence	qualified-preflight	D0-PRE-LOOP-EVIDENCE	not-run	GENERIC-LEGACY-CORPUS-UNIVERSE-P0	-	-	-	-	-	-	-	-
case	selfhost::phase29bq_selfhost_fini_only_min.hako	apps/tests/phase29bq_selfhost_fini_only_min.hako	selfhost	selfhost-subset	expected=SBA;allow_rc=0;planner=[joinir/planner_first rule=LoopCondBreak]	-	failed-before-loop	rejected	`semantic-package ResolverDeferred UnsupportedStatement TryCatch` site=Body(1)	unknown	selfhost/planner_required_selfhost_subset.tsv:138	nonproduction-future-evidence	semantic-package	D0-PRE-LOOP-EVIDENCE	not-run	GENERIC-LEGACY-CORPUS-UNIVERSE-P0	-	-	-	-	-	-	-	-
case	selfhost::phase29bq_selfhost_local_fini_slot_capture_min.hako	apps/tests/phase29bq_selfhost_local_fini_slot_capture_min.hako	selfhost	selfhost-subset	expected=BSC;allow_rc=0;planner=[joinir/planner_first rule=LoopCondBreak]	-	failed-before-loop	rejected	`semantic-package ResolverDeferred UnsupportedStatement TryCatch` site=Body(1)	unknown	selfhost/planner_required_selfhost_subset.tsv:139	nonproduction-future-evidence	semantic-package	D0-PRE-LOOP-EVIDENCE	not-run	GENERIC-LEGACY-CORPUS-UNIVERSE-P0	-	-	-	-	-	-	-	-
case	selfhost::phase29bq_selfhost_fini_cleanup_coexist_min.hako	apps/tests/phase29bq_selfhost_fini_cleanup_coexist_min.hako	selfhost	selfhost-subset	expected=111;allow_rc=0;planner=[joinir/planner_first rule=LoopCondBreak]	-	failed-before-loop	rejected	`semantic-package ResolverDeferred UnsupportedStatement TryCatch` site=Body(1)	unknown	selfhost/planner_required_selfhost_subset.tsv:140	nonproduction-future-evidence	semantic-package	D0-PRE-LOOP-EVIDENCE	not-run	GENERIC-LEGACY-CORPUS-UNIVERSE-P0	-	-	-	-	-	-	-	-
case	selfhost::phase29bq_selfhost_local_no_init_cleanup_min.hako	apps/tests/phase29bq_selfhost_local_no_init_cleanup_min.hako	selfhost	selfhost-subset	expected=11;allow_rc=0;planner=[joinir/planner_first rule=LoopCondBreak]	-	failed-before-loop	rejected	`semantic-package ResolverDeferred UnsupportedStatement TryCatch` site=Body(1)	unknown	selfhost/planner_required_selfhost_subset.tsv:141	nonproduction-future-evidence	semantic-package	D0-PRE-LOOP-EVIDENCE	not-run	GENERIC-LEGACY-CORPUS-UNIVERSE-P0	-	-	-	-	-	-	-	-
case	selfhost::phase29bq_selfhost_local_multibind_cleanup_min.hako	apps/tests/phase29bq_selfhost_local_multibind_cleanup_min.hako	selfhost	selfhost-subset	expected=13;allow_rc=0;planner=[joinir/planner_first rule=LoopCondBreak]	-	failed-before-loop	rejected	`semantic-package ResolverDeferred UnsupportedStatement TryCatch` site=Body(1)	unknown	selfhost/planner_required_selfhost_subset.tsv:142	nonproduction-future-evidence	semantic-package	D0-PRE-LOOP-EVIDENCE	not-run	GENERIC-LEGACY-CORPUS-UNIVERSE-P0	-	-	-	-	-	-	-	-
case	selfhost::phase29bq_selfhost_local_multibind_init_cleanup_min.hako	apps/tests/phase29bq_selfhost_local_multibind_init_cleanup_min.hako	selfhost	selfhost-subset	expected=27;allow_rc=0;planner=[joinir/planner_first rule=LoopCondBreak]	-	failed-before-loop	rejected	same parse failure on callable lane	unknown	selfhost/planner_required_selfhost_subset.tsv:143	nonproduction-future-evidence	parser	D0-PRE-LOOP-EVIDENCE	not-run	GENERIC-LEGACY-CORPUS-UNIVERSE-P0	-	-	-	-	-	-	-	-
case	selfhost::phase29bq_selfhost_local_multibind_mixed_init_cleanup_min.hako	apps/tests/phase29bq_selfhost_local_multibind_mixed_init_cleanup_min.hako	selfhost	selfhost-subset	expected=36;allow_rc=0;planner=[joinir/planner_first rule=LoopCondBreak]	-	failed-before-loop	rejected	same parse failure on callable lane	unknown	selfhost/planner_required_selfhost_subset.tsv:144	nonproduction-future-evidence	parser	D0-PRE-LOOP-EVIDENCE	not-run	GENERIC-LEGACY-CORPUS-UNIVERSE-P0	-	-	-	-	-	-	-	-
case	selfhost::phase29bq_selfhost_local_triple_noinit_cleanup_min.hako	apps/tests/phase29bq_selfhost_local_triple_noinit_cleanup_min.hako	selfhost	selfhost-subset	expected=46;allow_rc=0;planner=[joinir/planner_first rule=LoopCondBreak]	-	failed-before-loop	rejected	`TryCatch` site=Body(1)	unknown	selfhost/planner_required_selfhost_subset.tsv:145	nonproduction-future-evidence	semantic-package	D0-PRE-LOOP-EVIDENCE	not-run	GENERIC-LEGACY-CORPUS-UNIVERSE-P0	-	-	-	-	-	-	-	-
case	selfhost::phase29bq_selfhost_local_expr_compare_cleanup_min.hako	apps/tests/phase29bq_selfhost_local_expr_compare_cleanup_min.hako	selfhost	selfhost-subset	expected=55;allow_rc=0;planner=[joinir/planner_first rule=LoopCondBreak]	-	failed-before-loop	rejected	`TryCatch` site=Body(1)	unknown	selfhost/planner_required_selfhost_subset.tsv:146	nonproduction-future-evidence	semantic-package	D0-PRE-LOOP-EVIDENCE	not-run	GENERIC-LEGACY-CORPUS-UNIVERSE-P0	-	-	-	-	-	-	-	-
case	selfhost::phase29bq_selfhost_local_expr_logic_cleanup_min.hako	apps/tests/phase29bq_selfhost_local_expr_logic_cleanup_min.hako	selfhost	selfhost-subset	expected=100;allow_rc=0;planner=[joinir/planner_first rule=LoopCondBreak]	-	failed-before-loop	rejected	`TryCatch` site=Body(1)	unknown	selfhost/planner_required_selfhost_subset.tsv:147	nonproduction-future-evidence	semantic-package	D0-PRE-LOOP-EVIDENCE	not-run	GENERIC-LEGACY-CORPUS-UNIVERSE-P0	-	-	-	-	-	-	-	-
case	selfhost::phase29bq_selfhost_local_expr_unary_not_cleanup_min.hako	apps/tests/phase29bq_selfhost_local_expr_unary_not_cleanup_min.hako	selfhost	selfhost-subset	expected=91;allow_rc=0;planner=[joinir/planner_first rule=LoopCondBreak]	-	failed-before-loop	rejected	`TryCatch` site=Body(1)	unknown	selfhost/planner_required_selfhost_subset.tsv:148	nonproduction-future-evidence	semantic-package	D0-PRE-LOOP-EVIDENCE	not-run	GENERIC-LEGACY-CORPUS-UNIVERSE-P0	-	-	-	-	-	-	-	-
case	selfhost::phase29bq_selfhost_local_expr_unary_minus_cleanup_min.hako	apps/tests/phase29bq_selfhost_local_expr_unary_minus_cleanup_min.hako	selfhost	selfhost-subset	expected=78;allow_rc=0;planner=[joinir/planner_first rule=LoopCondBreak]	-	failed-before-loop	rejected	`TryCatch` site=Body(1)	unknown	selfhost/planner_required_selfhost_subset.tsv:149	nonproduction-future-evidence	semantic-package	D0-PRE-LOOP-EVIDENCE	not-run	GENERIC-LEGACY-CORPUS-UNIVERSE-P0	-	-	-	-	-	-	-	-
case	selfhost::phase29bq_selfhost_local_expr_unary_mix_cleanup_min.hako	apps/tests/phase29bq_selfhost_local_expr_unary_mix_cleanup_min.hako	selfhost	selfhost-subset	expected=61;allow_rc=0;planner=[joinir/planner_first rule=LoopCondBreak]	-	failed-before-loop	rejected	`TryCatch` site=Body(1)	unknown	selfhost/planner_required_selfhost_subset.tsv:150	nonproduction-future-evidence	semantic-package	D0-PRE-LOOP-EVIDENCE	not-run	GENERIC-LEGACY-CORPUS-UNIVERSE-P0	-	-	-	-	-	-	-	-
case	selfhost::phase29bq_selfhost_local_expr_call_new_cleanup_min.hako	apps/tests/phase29bq_selfhost_local_expr_call_new_cleanup_min.hako	selfhost	selfhost-subset	expected=132;allow_rc=0;planner=[joinir/planner_first rule=LoopCondBreak]	-	failed-before-loop	rejected	`TryCatch` site=Body(1)	unknown	selfhost/planner_required_selfhost_subset.tsv:151	nonproduction-future-evidence	semantic-package	D0-PRE-LOOP-EVIDENCE	not-run	GENERIC-LEGACY-CORPUS-UNIVERSE-P0	-	-	-	-	-	-	-	-
case	selfhost::phase29bq_selfhost_local_expr_array_map_literal_cleanup_min.hako	apps/tests/phase29bq_selfhost_local_expr_array_map_literal_cleanup_min.hako	selfhost	selfhost-subset	expected=142;allow_rc=0;planner=[joinir/planner_first rule=LoopCondBreak]	-	failed-before-loop	rejected	`TryCatch` site=Body(1)	unknown	selfhost/planner_required_selfhost_subset.tsv:152	nonproduction-future-evidence	semantic-package	D0-PRE-LOOP-EVIDENCE	not-run	GENERIC-LEGACY-CORPUS-UNIVERSE-P0	-	-	-	-	-	-	-	-
case	selfhost::phase29bq_selfhost_local_expr_string_concat_len_cleanup_min.hako	apps/tests/phase29bq_selfhost_local_expr_string_concat_len_cleanup_min.hako	selfhost	selfhost-subset	expected=233;allow_rc=0;planner=[joinir/planner_first rule=LoopCondBreak]	-	failed-before-loop	rejected	`TryCatch` site=Body(1)	unknown	selfhost/planner_required_selfhost_subset.tsv:153	nonproduction-future-evidence	semantic-package	D0-PRE-LOOP-EVIDENCE	not-run	GENERIC-LEGACY-CORPUS-UNIVERSE-P0	-	-	-	-	-	-	-	-
case	selfhost::phase29bq_selfhost_local_expr_string_subcmp_cleanup_min.hako	apps/tests/phase29bq_selfhost_local_expr_string_subcmp_cleanup_min.hako	selfhost	selfhost-subset	expected=344;allow_rc=0;planner=[joinir/planner_first rule=LoopCondBreak]	-	failed-before-loop	rejected	`TryCatch` site=Body(1)	unknown	selfhost/planner_required_selfhost_subset.tsv:154	nonproduction-future-evidence	semantic-package	D0-PRE-LOOP-EVIDENCE	not-run	GENERIC-LEGACY-CORPUS-UNIVERSE-P0	-	-	-	-	-	-	-	-
case	selfhost::phase29bq_selfhost_local_expr_null_logic_cleanup_min.hako	apps/tests/phase29bq_selfhost_local_expr_null_logic_cleanup_min.hako	selfhost	selfhost-subset	expected=455;allow_rc=0;planner=[joinir/planner_first rule=LoopCondBreak]	-	failed-before-loop	rejected	`TryCatch` site=Body(1)	unknown	selfhost/planner_required_selfhost_subset.tsv:155	nonproduction-future-evidence	semantic-package	D0-PRE-LOOP-EVIDENCE	not-run	GENERIC-LEGACY-CORPUS-UNIVERSE-P0	-	-	-	-	-	-	-	-
case	selfhost::phase29bq_selfhost_local_expr_string_trim_chain_cleanup_min.hako	apps/tests/phase29bq_selfhost_local_expr_string_trim_chain_cleanup_min.hako	selfhost	selfhost-subset	expected=666;allow_rc=0;planner=[joinir/planner_first rule=LoopCondBreak]	-	failed-before-loop	rejected	`TryCatch` site=Body(1)	unknown	selfhost/planner_required_selfhost_subset.tsv:156	nonproduction-future-evidence	semantic-package	D0-PRE-LOOP-EVIDENCE	not-run	GENERIC-LEGACY-CORPUS-UNIVERSE-P0	-	-	-	-	-	-	-	-
case	selfhost::phase29bq_selfhost_local_expr_bool_combo_cleanup_min.hako	apps/tests/phase29bq_selfhost_local_expr_bool_combo_cleanup_min.hako	selfhost	selfhost-subset	expected=703;allow_rc=0;planner=[joinir/planner_first rule=LoopCondBreak]	-	failed-before-loop	rejected	`TryCatch` site=Body(1)	unknown	selfhost/planner_required_selfhost_subset.tsv:157	nonproduction-future-evidence	semantic-package	D0-PRE-LOOP-EVIDENCE	not-run	GENERIC-LEGACY-CORPUS-UNIVERSE-P0	-	-	-	-	-	-	-	-
case	selfhost::phase29bq_selfhost_local_expr_logic_precedence_cleanup_min.hako	apps/tests/phase29bq_selfhost_local_expr_logic_precedence_cleanup_min.hako	selfhost	selfhost-subset	expected=803;allow_rc=0;planner=[joinir/planner_first rule=LoopCondBreak]	-	failed-before-loop	rejected	`TryCatch` site=Body(1)	unknown	selfhost/planner_required_selfhost_subset.tsv:158	nonproduction-future-evidence	semantic-package	D0-PRE-LOOP-EVIDENCE	not-run	GENERIC-LEGACY-CORPUS-UNIVERSE-P0	-	-	-	-	-	-	-	-
case	selfhost::phase29bq_selfhost_local_expr_logic_parenthesized_cleanup_min.hako	apps/tests/phase29bq_selfhost_local_expr_logic_parenthesized_cleanup_min.hako	selfhost	selfhost-subset	expected=911;allow_rc=0;planner=[joinir/planner_first rule=LoopCondBreak]	-	failed-before-loop	rejected	`TryCatch` site=Body(1)	unknown	selfhost/planner_required_selfhost_subset.tsv:159	nonproduction-future-evidence	semantic-package	D0-PRE-LOOP-EVIDENCE	not-run	GENERIC-LEGACY-CORPUS-UNIVERSE-P0	-	-	-	-	-	-	-	-
case	selfhost::phase29bq_selfhost_local_expr_double_not_compare_cleanup_min.hako	apps/tests/phase29bq_selfhost_local_expr_double_not_compare_cleanup_min.hako	selfhost	selfhost-subset	expected=1003;allow_rc=0;planner=[joinir/planner_first rule=LoopCondBreak]	-	failed-before-loop	rejected	`TryCatch` site=Body(1)	unknown	selfhost/planner_required_selfhost_subset.tsv:160	nonproduction-future-evidence	semantic-package	D0-PRE-LOOP-EVIDENCE	not-run	GENERIC-LEGACY-CORPUS-UNIVERSE-P0	-	-	-	-	-	-	-	-
case	selfhost::phase29bq_selfhost_local_expr_compare_chain_cleanup_min.hako	apps/tests/phase29bq_selfhost_local_expr_compare_chain_cleanup_min.hako	selfhost	selfhost-subset	expected=1113;allow_rc=0;planner=[joinir/planner_first rule=LoopCondBreak]	-	failed-before-loop	rejected	`ResolverDeferred TryCatch` site=Body(1)	unknown	selfhost/planner_required_selfhost_subset.tsv:161	nonproduction-future-evidence	semantic-package	D0-PRE-LOOP-EVIDENCE	not-run	GENERIC-LEGACY-CORPUS-UNIVERSE-P0	-	-	-	-	-	-	-	-
case	selfhost::phase29bq_selfhost_local_expr_compare_or_cleanup_min.hako	apps/tests/phase29bq_selfhost_local_expr_compare_or_cleanup_min.hako	selfhost	selfhost-subset	expected=1214;allow_rc=0;planner=[joinir/planner_first rule=LoopCondBreak]	-	failed-before-loop	rejected	`TryCatch` Body(1)	unknown	selfhost/planner_required_selfhost_subset.tsv:162	nonproduction-future-evidence	semantic-package	D0-PRE-LOOP-EVIDENCE	not-run	GENERIC-LEGACY-CORPUS-UNIVERSE-P0	-	-	-	-	-	-	-	-
case	selfhost::phase29bq_selfhost_local_expr_compare_mixed_logic_cleanup_min.hako	apps/tests/phase29bq_selfhost_local_expr_compare_mixed_logic_cleanup_min.hako	selfhost	selfhost-subset	expected=1315;allow_rc=0;planner=[joinir/planner_first rule=LoopCondBreak]	-	failed-before-loop	rejected	`TryCatch` Body(1)	unknown	selfhost/planner_required_selfhost_subset.tsv:163	nonproduction-future-evidence	semantic-package	D0-PRE-LOOP-EVIDENCE	not-run	GENERIC-LEGACY-CORPUS-UNIVERSE-P0	-	-	-	-	-	-	-	-
case	selfhost::phase29bq_selfhost_local_expr_null_compare_and_cleanup_min.hako	apps/tests/phase29bq_selfhost_local_expr_null_compare_and_cleanup_min.hako	selfhost	selfhost-subset	expected=1416;allow_rc=0;planner=[joinir/planner_first rule=LoopCondBreak]	-	failed-before-loop	rejected	`TryCatch` Body(1)	unknown	selfhost/planner_required_selfhost_subset.tsv:164	nonproduction-future-evidence	semantic-package	D0-PRE-LOOP-EVIDENCE	not-run	GENERIC-LEGACY-CORPUS-UNIVERSE-P0	-	-	-	-	-	-	-	-
case	selfhost::phase29bq_selfhost_local_expr_null_compare_or_cleanup_min.hako	apps/tests/phase29bq_selfhost_local_expr_null_compare_or_cleanup_min.hako	selfhost	selfhost-subset	expected=1517;allow_rc=0;planner=[joinir/planner_first rule=LoopCondBreak]	-	failed-before-loop	rejected	`TryCatch` Body(1)	unknown	selfhost/planner_required_selfhost_subset.tsv:165	nonproduction-future-evidence	semantic-package	D0-PRE-LOOP-EVIDENCE	not-run	GENERIC-LEGACY-CORPUS-UNIVERSE-P0	-	-	-	-	-	-	-	-
case	selfhost::phase29bq_selfhost_local_expr_null_compare_mixed_logic_cleanup_min.hako	apps/tests/phase29bq_selfhost_local_expr_null_compare_mixed_logic_cleanup_min.hako	selfhost	selfhost-subset	expected=1659;allow_rc=0;planner=[joinir/planner_first rule=LoopCondBreak]	-	failed-before-loop	rejected	`TryCatch` Body(1)	unknown	selfhost/planner_required_selfhost_subset.tsv:166	nonproduction-future-evidence	semantic-package	D0-PRE-LOOP-EVIDENCE	not-run	GENERIC-LEGACY-CORPUS-UNIVERSE-P0	-	-	-	-	-	-	-	-
case	selfhost::phase29bq_selfhost_local_expr_null_not_compare_cleanup_min.hako	apps/tests/phase29bq_selfhost_local_expr_null_not_compare_cleanup_min.hako	selfhost	selfhost-subset	expected=1706;allow_rc=0;planner=[joinir/planner_first rule=LoopCondBreak]	-	failed-before-loop	rejected	`TryCatch` Body(1)	unknown	selfhost/planner_required_selfhost_subset.tsv:167	nonproduction-future-evidence	semantic-package	D0-PRE-LOOP-EVIDENCE	not-run	GENERIC-LEGACY-CORPUS-UNIVERSE-P0	-	-	-	-	-	-	-	-
case	selfhost::phase29bq_selfhost_local_expr_null_parenthesized_logic_cleanup_min.hako	apps/tests/phase29bq_selfhost_local_expr_null_parenthesized_logic_cleanup_min.hako	selfhost	selfhost-subset	expected=2000;allow_rc=0;planner=[joinir/planner_first rule=LoopCondBreak]	-	failed-before-loop	rejected	`TryCatch` Body(1)	unknown	selfhost/planner_required_selfhost_subset.tsv:168	nonproduction-future-evidence	semantic-package	D0-PRE-LOOP-EVIDENCE	not-run	GENERIC-LEGACY-CORPUS-UNIVERSE-P0	-	-	-	-	-	-	-	-
case	selfhost::phase29bq_selfhost_local_expr_arith_compare_and_cleanup_min.hako	apps/tests/phase29bq_selfhost_local_expr_arith_compare_and_cleanup_min.hako	selfhost	selfhost-subset	expected=2350;allow_rc=0;planner=[joinir/planner_first rule=LoopCondBreak]	-	failed-before-loop	rejected	`TryCatch` Body(1)	unknown	selfhost/planner_required_selfhost_subset.tsv:169	nonproduction-future-evidence	semantic-package	D0-PRE-LOOP-EVIDENCE	not-run	GENERIC-LEGACY-CORPUS-UNIVERSE-P0	-	-	-	-	-	-	-	-
case	selfhost::phase29bq_selfhost_local_expr_arith_compare_or_cleanup_min.hako	apps/tests/phase29bq_selfhost_local_expr_arith_compare_or_cleanup_min.hako	selfhost	selfhost-subset	expected=2366;allow_rc=0;planner=[joinir/planner_first rule=LoopCondBreak]	-	failed-before-loop	rejected	`TryCatch` Body(1)	unknown	selfhost/planner_required_selfhost_subset.tsv:170	nonproduction-future-evidence	semantic-package	D0-PRE-LOOP-EVIDENCE	not-run	GENERIC-LEGACY-CORPUS-UNIVERSE-P0	-	-	-	-	-	-	-	-
case	selfhost::phase29bq_selfhost_local_expr_compare_rel_mixed_logic_cleanup_min.hako	apps/tests/phase29bq_selfhost_local_expr_compare_rel_mixed_logic_cleanup_min.hako	selfhost	selfhost-subset	expected=2397;allow_rc=0;planner=[joinir/planner_first rule=LoopCondBreak]	-	failed-before-loop	rejected	`TryCatch` Body(1)	unknown	selfhost/planner_required_selfhost_subset.tsv:171	nonproduction-future-evidence	semantic-package	D0-PRE-LOOP-EVIDENCE	not-run	GENERIC-LEGACY-CORPUS-UNIVERSE-P0	-	-	-	-	-	-	-	-
case	selfhost::phase29bq_selfhost_local_expr_unary_compare_mixed_cleanup_min.hako	apps/tests/phase29bq_selfhost_local_expr_unary_compare_mixed_cleanup_min.hako	selfhost	selfhost-subset	expected=2306;allow_rc=0;planner=[joinir/planner_first rule=LoopCondBreak]	-	failed-before-loop	rejected	`TryCatch` Body(1)	unknown	selfhost/planner_required_selfhost_subset.tsv:172	nonproduction-future-evidence	semantic-package	D0-PRE-LOOP-EVIDENCE	not-run	GENERIC-LEGACY-CORPUS-UNIVERSE-P0	-	-	-	-	-	-	-	-
case	selfhost::phase29bq_selfhost_local_expr_double_not_mixed_logic_cleanup_min.hako	apps/tests/phase29bq_selfhost_local_expr_double_not_mixed_logic_cleanup_min.hako	selfhost	selfhost-subset	expected=2306;allow_rc=0;planner=[joinir/planner_first rule=LoopCondBreak]	-	failed-before-loop	rejected	`TryCatch` Body(1)	unknown	selfhost/planner_required_selfhost_subset.tsv:173	nonproduction-future-evidence	semantic-package	D0-PRE-LOOP-EVIDENCE	not-run	GENERIC-LEGACY-CORPUS-UNIVERSE-P0	-	-	-	-	-	-	-	-
case	selfhost::phase29bq_selfhost_local_expr_parenthesized_compare_mixed_cleanup_min.hako	apps/tests/phase29bq_selfhost_local_expr_parenthesized_compare_mixed_cleanup_min.hako	selfhost	selfhost-subset	expected=2523;allow_rc=0;planner=[joinir/planner_first rule=LoopCondBreak]	-	failed-before-loop	rejected	`TryCatch` Body(1)	unknown	selfhost/planner_required_selfhost_subset.tsv:174	nonproduction-future-evidence	semantic-package	D0-PRE-LOOP-EVIDENCE	not-run	GENERIC-LEGACY-CORPUS-UNIVERSE-P0	-	-	-	-	-	-	-	-
case	selfhost::phase29bq_selfhost_local_expr_not_parenthesized_compare_cleanup_min.hako	apps/tests/phase29bq_selfhost_local_expr_not_parenthesized_compare_cleanup_min.hako	selfhost	selfhost-subset	expected=2306;allow_rc=0;planner=[joinir/planner_first rule=LoopCondBreak]	-	failed-before-loop	rejected	`TryCatch` Body(1)	unknown	selfhost/planner_required_selfhost_subset.tsv:175	nonproduction-future-evidence	semantic-package	D0-PRE-LOOP-EVIDENCE	not-run	GENERIC-LEGACY-CORPUS-UNIVERSE-P0	-	-	-	-	-	-	-	-
case	selfhost::phase29bq_selfhost_local_expr_call_compare_and_cleanup_min.hako	apps/tests/phase29bq_selfhost_local_expr_call_compare_and_cleanup_min.hako	selfhost	selfhost-subset	expected=2396;allow_rc=0;planner=[joinir/planner_first rule=LoopCondBreak]	-	failed-before-loop	rejected	`TryCatch` Body(1)	unknown	selfhost/planner_required_selfhost_subset.tsv:176	nonproduction-future-evidence	semantic-package	D0-PRE-LOOP-EVIDENCE	not-run	GENERIC-LEGACY-CORPUS-UNIVERSE-P0	-	-	-	-	-	-	-	-
case	selfhost::phase29bq_selfhost_local_expr_call_compare_or_cleanup_min.hako	apps/tests/phase29bq_selfhost_local_expr_call_compare_or_cleanup_min.hako	selfhost	selfhost-subset	expected=2371;allow_rc=0;planner=[joinir/planner_first rule=LoopCondBreak]	-	failed-before-loop	rejected	`TryCatch` Body(1)	unknown	selfhost/planner_required_selfhost_subset.tsv:177	nonproduction-future-evidence	semantic-package	D0-PRE-LOOP-EVIDENCE	not-run	GENERIC-LEGACY-CORPUS-UNIVERSE-P0	-	-	-	-	-	-	-	-
case	selfhost::phase29bq_selfhost_local_expr_new_compare_mixed_cleanup_min.hako	apps/tests/phase29bq_selfhost_local_expr_new_compare_mixed_cleanup_min.hako	selfhost	selfhost-subset	expected=2393;allow_rc=0;planner=[joinir/planner_first rule=LoopCondBreak]	-	failed-before-loop	rejected	`TryCatch` Body(1)	unknown	selfhost/planner_required_selfhost_subset.tsv:178	nonproduction-future-evidence	semantic-package	D0-PRE-LOOP-EVIDENCE	not-run	GENERIC-LEGACY-CORPUS-UNIVERSE-P0	-	-	-	-	-	-	-	-
case	selfhost::phase29bq_selfhost_local_expr_string_compare_logic_cleanup_min.hako	apps/tests/phase29bq_selfhost_local_expr_string_compare_logic_cleanup_min.hako	selfhost	selfhost-subset	expected=2410;allow_rc=0;planner=[joinir/planner_first rule=LoopCondBreak]	-	failed-before-loop	rejected	`TryCatch` Body(1)	unknown	selfhost/planner_required_selfhost_subset.tsv:179	nonproduction-future-evidence	semantic-package	D0-PRE-LOOP-EVIDENCE	not-run	GENERIC-LEGACY-CORPUS-UNIVERSE-P0	-	-	-	-	-	-	-	-
case	selfhost::phase29bq_selfhost_local_expr_array_len_compare_cleanup_min.hako	apps/tests/phase29bq_selfhost_local_expr_array_len_compare_cleanup_min.hako	selfhost	selfhost-subset	expected=2425;allow_rc=0;planner=[joinir/planner_first rule=LoopCondBreak]	-	failed-before-loop	rejected	`TryCatch` Body(1)	unknown	selfhost/planner_required_selfhost_subset.tsv:180	nonproduction-future-evidence	semantic-package	D0-PRE-LOOP-EVIDENCE	not-run	GENERIC-LEGACY-CORPUS-UNIVERSE-P0	-	-	-	-	-	-	-	-
case	selfhost::phase29bq_selfhost_local_expr_map_value_compare_cleanup_min.hako	apps/tests/phase29bq_selfhost_local_expr_map_value_compare_cleanup_min.hako	selfhost	selfhost-subset	expected=2525;allow_rc=0;planner=[joinir/planner_first rule=LoopCondBreak]	-	failed-before-loop	rejected	`TryCatch` Body(1)	unknown	selfhost/planner_required_selfhost_subset.tsv:181	nonproduction-future-evidence	semantic-package	D0-PRE-LOOP-EVIDENCE	not-run	GENERIC-LEGACY-CORPUS-UNIVERSE-P0	-	-	-	-	-	-	-	-
case	selfhost::phase29bq_selfhost_local_expr_literal_bool_mixed_cleanup_min.hako	apps/tests/phase29bq_selfhost_local_expr_literal_bool_mixed_cleanup_min.hako	selfhost	selfhost-subset	expected=2631;allow_rc=0;planner=[joinir/planner_first rule=LoopCondBreak]	-	failed-before-loop	rejected	`TryCatch` Body(1)	unknown	selfhost/planner_required_selfhost_subset.tsv:182	nonproduction-future-evidence	semantic-package	D0-PRE-LOOP-EVIDENCE	not-run	GENERIC-LEGACY-CORPUS-UNIVERSE-P0	-	-	-	-	-	-	-	-
case	selfhost::phase29bq_selfhost_local_expr_blockexpr_compare_cleanup_min.hako	apps/tests/phase29bq_selfhost_local_expr_blockexpr_compare_cleanup_min.hako	selfhost	selfhost-subset	expected=2735;allow_rc=0;planner=[joinir/planner_first rule=LoopCondBreak]	-	failed-before-loop	rejected	`TryCatch` Body(1)	unknown	selfhost/planner_required_selfhost_subset.tsv:183	nonproduction-future-evidence	semantic-package	D0-PRE-LOOP-EVIDENCE	not-run	GENERIC-LEGACY-CORPUS-UNIVERSE-P0	-	-	-	-	-	-	-	-
case	selfhost::phase29bq_selfhost_local_expr_compare_fini_cleanup_min.hako	apps/tests/phase29bq_selfhost_local_expr_compare_fini_cleanup_min.hako	selfhost	selfhost-subset	expected=1136;allow_rc=0;planner=[joinir/planner_first rule=LoopCondBreak]	-	failed-before-loop	rejected	`TryCatch` Body(1)	unknown	selfhost/planner_required_selfhost_subset.tsv:184	nonproduction-future-evidence	semantic-package	D0-PRE-LOOP-EVIDENCE	not-run	GENERIC-LEGACY-CORPUS-UNIVERSE-P0	-	-	-	-	-	-	-	-
case	selfhost::phase29bq_selfhost_local_expr_call_fini_cleanup_min.hako	apps/tests/phase29bq_selfhost_local_expr_call_fini_cleanup_min.hako	selfhost	selfhost-subset	expected=1331;allow_rc=0;planner=[joinir/planner_first rule=LoopCondBreak]	-	failed-before-loop	rejected	`TryCatch` Body(1)	unknown	selfhost/planner_required_selfhost_subset.tsv:185	nonproduction-future-evidence	semantic-package	D0-PRE-LOOP-EVIDENCE	not-run	GENERIC-LEGACY-CORPUS-UNIVERSE-P0	-	-	-	-	-	-	-	-
case	selfhost::phase29bq_selfhost_local_expr_blockexpr_fini_cleanup_min.hako	apps/tests/phase29bq_selfhost_local_expr_blockexpr_fini_cleanup_min.hako	selfhost	selfhost-subset	expected=1430;allow_rc=0;planner=[joinir/planner_first rule=LoopCondBreak]	-	failed-before-loop	rejected	`TryCatch` Body(1)	unknown	selfhost/planner_required_selfhost_subset.tsv:186	nonproduction-future-evidence	semantic-package	D0-PRE-LOOP-EVIDENCE	not-run	GENERIC-LEGACY-CORPUS-UNIVERSE-P0	-	-	-	-	-	-	-	-
case	selfhost::phase29bq_selfhost_local_fini_multi_lifo_cleanup_min.hako	apps/tests/phase29bq_selfhost_local_fini_multi_lifo_cleanup_min.hako	selfhost	selfhost-subset	expected=cbaY;allow_rc=0;planner=[joinir/planner_first rule=LoopCondBreak]	-	failed-before-loop	rejected	`TryCatch` Body(2)	unknown	selfhost/planner_required_selfhost_subset.tsv:187	nonproduction-future-evidence	semantic-package	D0-PRE-LOOP-EVIDENCE	not-run	GENERIC-LEGACY-CORPUS-UNIVERSE-P0	-	-	-	-	-	-	-	-
case	selfhost::phase29bq_selfhost_local_expr_null_fini_cleanup_min.hako	apps/tests/phase29bq_selfhost_local_expr_null_fini_cleanup_min.hako	selfhost	selfhost-subset	expected=1548;allow_rc=0;planner=[joinir/planner_first rule=LoopCondBreak]	-	failed-before-loop	rejected	`TryCatch` Body(1)	unknown	selfhost/planner_required_selfhost_subset.tsv:188	nonproduction-future-evidence	semantic-package	D0-PRE-LOOP-EVIDENCE	not-run	GENERIC-LEGACY-CORPUS-UNIVERSE-P0	-	-	-	-	-	-	-	-
case	selfhost::phase29bq_selfhost_control_loop_if_break_continue_cleanup_min.hako	apps/tests/phase29bq_selfhost_control_loop_if_break_continue_cleanup_min.hako	selfhost	selfhost-subset	expected=171;allow_rc=0;planner=[joinir/planner_first rule=LoopCondBreak]	-	failed-before-loop	rejected	`TryCatch` Body(2)	unknown	selfhost/planner_required_selfhost_subset.tsv:189	nonproduction-future-evidence	semantic-package	D0-PRE-LOOP-EVIDENCE	not-run	GENERIC-LEGACY-CORPUS-UNIVERSE-P0	-	-	-	-	-	-	-	-
case	selfhost::phase29bq_selfhost_control_loop_local_fini_cleanup_min.hako	apps/tests/phase29bq_selfhost_control_loop_local_fini_cleanup_min.hako	selfhost	selfhost-subset	expected=156;allow_rc=0;planner=[joinir/planner_first rule=LoopCondBreak]	-	failed-before-loop	rejected	`TryCatch` Body(1)	unknown	selfhost/planner_required_selfhost_subset.tsv:190	nonproduction-future-evidence	semantic-package	D0-PRE-LOOP-EVIDENCE	not-run	GENERIC-LEGACY-CORPUS-UNIVERSE-P0	-	-	-	-	-	-	-	-
case	selfhost::phase29bq_selfhost_box_member_loop_cleanup_min.hako	apps/tests/phase29bq_selfhost_box_member_loop_cleanup_min.hako	selfhost	selfhost-subset	expected=47;allow_rc=0;planner=[joinir/planner_first rule=LoopCondBreak]	-	failed-before-loop	rejected	`TryCatch` Body(3)	unknown	selfhost/planner_required_selfhost_subset.tsv:191	nonproduction-future-evidence	semantic-package	D0-PRE-LOOP-EVIDENCE	not-run	GENERIC-LEGACY-CORPUS-UNIVERSE-P0	-	-	-	-	-	-	-	-
case	selfhost::phase29bq_selfhost_box_member_local_fini_cleanup_min.hako	apps/tests/phase29bq_selfhost_box_member_local_fini_cleanup_min.hako	selfhost	selfhost-subset	expected=29;allow_rc=0;planner=[joinir/planner_first rule=LoopCondBreak]	-	failed-before-loop	rejected	`TryCatch` Body(2)	unknown	selfhost/planner_required_selfhost_subset.tsv:192	nonproduction-future-evidence	semantic-package	D0-PRE-LOOP-EVIDENCE	not-run	GENERIC-LEGACY-CORPUS-UNIVERSE-P0	-	-	-	-	-	-	-	-
case	selfhost::phase29bq_selfhost_box_member_local_fini_blockexpr_cleanup_min.hako	apps/tests/phase29bq_selfhost_box_member_local_fini_blockexpr_cleanup_min.hako	selfhost	selfhost-subset	expected=115;allow_rc=0;planner=[joinir/planner_first rule=LoopCondBreak]	-	failed-before-loop	rejected	`TryCatch` Body(2)	unknown	selfhost/planner_required_selfhost_subset.tsv:193	nonproduction-future-evidence	semantic-package	D0-PRE-LOOP-EVIDENCE	not-run	GENERIC-LEGACY-CORPUS-UNIVERSE-P0	-	-	-	-	-	-	-	-
case	selfhost::phase29bq_selfhost_box_member_local_fini_blockexpr_compare_logic_cleanup_min.hako	apps/tests/phase29bq_selfhost_box_member_local_fini_blockexpr_compare_logic_cleanup_min.hako	selfhost	selfhost-subset	expected=118;allow_rc=0;planner=[joinir/planner_first rule=LoopCondBreak]	-	failed-before-loop	rejected	`TryCatch` Body(2)	unknown	selfhost/planner_required_selfhost_subset.tsv:194	nonproduction-future-evidence	semantic-package	D0-PRE-LOOP-EVIDENCE	not-run	GENERIC-LEGACY-CORPUS-UNIVERSE-P0	-	-	-	-	-	-	-	-
case	selfhost::phase29bq_selfhost_box_member_local_fini_blockexpr_compare_logic_unary_call_cleanup_min.hako	apps/tests/phase29bq_selfhost_box_member_local_fini_blockexpr_compare_logic_unary_call_cleanup_min.hako	selfhost	selfhost-subset	expected=113;allow_rc=0;planner=[joinir/planner_first rule=LoopCondBreak]	-	failed-before-loop	rejected	`TryCatch` Body(2)	unknown	selfhost/planner_required_selfhost_subset.tsv:195	nonproduction-future-evidence	semantic-package	D0-PRE-LOOP-EVIDENCE	not-run	GENERIC-LEGACY-CORPUS-UNIVERSE-P0	-	-	-	-	-	-	-	-
case	selfhost::phase29bq_selfhost_box_member_local_fini_blockexpr_compare_logic_unary_call_literals_cleanup_min.hako	apps/tests/phase29bq_selfhost_box_member_local_fini_blockexpr_compare_logic_unary_call_literals_cleanup_min.hako	selfhost	selfhost-subset	expected=111;allow_rc=0;planner=[joinir/planner_first rule=LoopCondBreak]	-	failed-before-loop	rejected	`TryCatch` Body(2)	unknown	selfhost/planner_required_selfhost_subset.tsv:196	nonproduction-future-evidence	semantic-package	D0-PRE-LOOP-EVIDENCE	not-run	GENERIC-LEGACY-CORPUS-UNIVERSE-P0	-	-	-	-	-	-	-	-
case	selfhost::phase29bq_selfhost_box_member_local_fini_blockexpr_compare_logic_unary_call_literals_nested_tail_cleanup_min.hako	apps/tests/phase29bq_selfhost_box_member_local_fini_blockexpr_compare_logic_unary_call_literals_nested_tail_cleanup_min.hako	selfhost	selfhost-subset	expected=111;allow_rc=0;planner=[joinir/planner_first rule=LoopCondBreak]	-	failed-before-loop	rejected	`TryCatch` Body(2)	unknown	selfhost/planner_required_selfhost_subset.tsv:197	nonproduction-future-evidence	semantic-package	D0-PRE-LOOP-EVIDENCE	not-run	GENERIC-LEGACY-CORPUS-UNIVERSE-P0	-	-	-	-	-	-	-	-
case	selfhost::phase29bq_selfhost_box_member_local_fini_blockexpr_compare_logic_unary_call_literals_nested_tail_nested_loop_branch_cleanup_min.hako	apps/tests/phase29bq_selfhost_box_member_local_fini_blockexpr_compare_logic_unary_call_literals_nested_tail_nested_loop_branch_cleanup_min.hako	selfhost	selfhost-subset	expected=111;allow_rc=0;planner=[joinir/planner_first rule=LoopCondBreak]	-	failed-before-loop	rejected	`TryCatch` Body(2)	unknown	selfhost/planner_required_selfhost_subset.tsv:198	nonproduction-future-evidence	semantic-package	D0-PRE-LOOP-EVIDENCE	not-run	GENERIC-LEGACY-CORPUS-UNIVERSE-P0	-	-	-	-	-	-	-	-
case	selfhost::phase29bq_selfhost_box_member_local_fini_blockexpr_compare_logic_unary_call_literals_nested_tail_nested_loop_branch_method_chain_tail_cleanup_min.hako	apps/tests/phase29bq_selfhost_box_member_local_fini_blockexpr_compare_logic_unary_call_literals_nested_tail_nested_loop_branch_method_chain_tail_cleanup_min.hako	selfhost	selfhost-subset	expected=111;allow_rc=0;planner=[joinir/planner_first rule=LoopCondBreak]	-	failed-before-loop	rejected	`TryCatch` Body(2)	unknown	selfhost/planner_required_selfhost_subset.tsv:199	nonproduction-future-evidence	semantic-package	D0-PRE-LOOP-EVIDENCE	not-run	GENERIC-LEGACY-CORPUS-UNIVERSE-P0	-	-	-	-	-	-	-	-
case	selfhost::phase29bq_selfhost_box_member_local_fini_blockexpr_compare_logic_unary_call_literals_nested_tail_nested_loop_branch_method_chain_tail_side_effect_tail_cleanup_min.hako	apps/tests/phase29bq_selfhost_box_member_local_fini_blockexpr_compare_logic_unary_call_literals_nested_tail_nested_loop_branch_method_chain_tail_side_effect_tail_cleanup_min.hako	selfhost	selfhost-subset	expected=111;allow_rc=0;planner=[joinir/planner_first rule=LoopCondBreak]	-	failed-before-loop	rejected	`TryCatch` Body(2)	unknown	selfhost/planner_required_selfhost_subset.tsv:200	nonproduction-future-evidence	semantic-package	D0-PRE-LOOP-EVIDENCE	not-run	GENERIC-LEGACY-CORPUS-UNIVERSE-P0	-	-	-	-	-	-	-	-
case	selfhost::phase29bq_selfhost_box_member_local_fini_blockexpr_compare_logic_unary_call_literals_nested_tail_nested_loop_branch_method_chain_tail_side_effect_tail_nested_join_tail_cleanup_min.hako	apps/tests/phase29bq_selfhost_box_member_local_fini_blockexpr_compare_logic_unary_call_literals_nested_tail_nested_loop_branch_method_chain_tail_side_effect_tail_nested_join_tail_cleanup_min.hako	selfhost	selfhost-subset	expected=111;allow_rc=0;planner=[joinir/planner_first rule=LoopCondBreak]	-	failed-before-loop	rejected	`TryCatch` Body(2)	unknown	selfhost/planner_required_selfhost_subset.tsv:201	nonproduction-future-evidence	semantic-package	D0-PRE-LOOP-EVIDENCE	not-run	GENERIC-LEGACY-CORPUS-UNIVERSE-P0	-	-	-	-	-	-	-	-
case	selfhost::phase29bq_selfhost_box_member_local_fini_blockexpr_compare_logic_unary_call_literals_nested_tail_nested_loop_branch_method_chain_tail_side_effect_tail_nested_join_tail_dual_tail_sync_cleanup_min.hako	apps/tests/phase29bq_selfhost_box_member_local_fini_blockexpr_compare_logic_unary_call_literals_nested_tail_nested_loop_branch_method_chain_tail_side_effect_tail_nested_join_tail_dual_tail_sync_cleanup_min.hako	selfhost	selfhost-subset	expected=111;allow_rc=0;planner=[joinir/planner_first rule=LoopCondBreak]	-	failed-before-loop	rejected	`TryCatch` Body(2)	unknown	selfhost/planner_required_selfhost_subset.tsv:202	nonproduction-future-evidence	semantic-package	D0-PRE-LOOP-EVIDENCE	not-run	GENERIC-LEGACY-CORPUS-UNIVERSE-P0	-	-	-	-	-	-	-	-
case	selfhost::phase29bq_selfhost_box_member_local_fini_blockexpr_compare_logic_unary_call_literals_nested_tail_nested_loop_branch_method_chain_tail_side_effect_tail_nested_join_tail_dual_tail_sync_guard_sync_tail_cleanup_min.hako	apps/tests/phase29bq_selfhost_box_member_local_fini_blockexpr_compare_logic_unary_call_literals_nested_tail_nested_loop_branch_method_chain_tail_side_effect_tail_nested_join_tail_dual_tail_sync_guard_sync_tail_cleanup_min.hako	selfhost	selfhost-subset	expected=111;allow_rc=0;planner=[joinir/planner_first rule=LoopCondBreak]	-	failed-before-loop	rejected	same parse failure on callable lane	unknown	selfhost/planner_required_selfhost_subset.tsv:203	nonproduction-future-evidence	parser	D0-PRE-LOOP-EVIDENCE	not-run	GENERIC-LEGACY-CORPUS-UNIVERSE-P0	-	-	-	-	-	-	-	-
case	selfhost::phase29bq_selfhost_box_member_local_fini_blockexpr_compare_logic_unary_call_literals_nested_tail_nested_loop_branch_method_chain_tail_side_effect_tail_nested_join_tail_dual_tail_sync_guard_sync_tail_mirror_sync_tail_cleanup_min.hako	apps/tests/phase29bq_selfhost_box_member_local_fini_blockexpr_compare_logic_unary_call_literals_nested_tail_nested_loop_branch_method_chain_tail_side_effect_tail_nested_join_tail_dual_tail_sync_guard_sync_tail_mirror_sync_tail_cleanup_min.hako	selfhost	selfhost-subset	expected=111;allow_rc=0;planner=[joinir/planner_first rule=LoopCondBreak]	-	failed-before-loop	rejected	same parse failure on callable lane	unknown	selfhost/planner_required_selfhost_subset.tsv:204	nonproduction-future-evidence	parser	D0-PRE-LOOP-EVIDENCE	not-run	GENERIC-LEGACY-CORPUS-UNIVERSE-P0	-	-	-	-	-	-	-	-
case	fixture::generic_loop_carrier_type_v0_numeric_bound2	apps/tests/generic_loop_carrier_type_v0_numeric_bound2.hako	generic-fixture	fixture-inventory	fixture-only	-	accepted	accepted	canonical-main	unknown	repo-scan:apps/tests/generic_loop_carrier_type_v0_numeric_bound2.hako	portable-owner	main0-derived-predicate	D0-DISPOSITION-CHECKED	not-run	GENERIC-LEGACY-CORPUS-UNIVERSE-P0	-	-	-	-	-	-	-	-
case	fixture::generic_loop_carrier_type_v0_numeric_min	apps/tests/generic_loop_carrier_type_v0_numeric_min.hako	generic-fixture	fixture-inventory	fixture-only	-	accepted	accepted	canonical-main	unknown	repo-scan:apps/tests/generic_loop_carrier_type_v0_numeric_min.hako	portable-owner	main0-derived-predicate	D0-DISPOSITION-CHECKED	phase29bq_portable_owner_source_backed_gate_mir	GENERIC-LEGACY-CORPUS-UNIVERSE-P0	-	-	-	-	-	-	-	-
case	fixture::generic_loop_carrier_type_v0_numeric_renamed_locals	apps/tests/generic_loop_carrier_type_v0_numeric_renamed_locals.hako	generic-fixture	fixture-inventory	fixture-only	-	accepted	accepted	canonical-main	unknown	repo-scan:apps/tests/generic_loop_carrier_type_v0_numeric_renamed_locals.hako	portable-owner	main0-derived-predicate	D0-DISPOSITION-CHECKED	not-run	GENERIC-LEGACY-CORPUS-UNIVERSE-P0	-	-	-	-	-	-	-	-
case	fixture::generic_loop_carrier_type_v0_numeric_zero_iter	apps/tests/generic_loop_carrier_type_v0_numeric_zero_iter.hako	generic-fixture	fixture-inventory	fixture-only	-	accepted	accepted	canonical-main	unknown	repo-scan:apps/tests/generic_loop_carrier_type_v0_numeric_zero_iter.hako	portable-owner	main0-derived-predicate	D0-DISPOSITION-CHECKED	not-run	GENERIC-LEGACY-CORPUS-UNIVERSE-P0	-	-	-	-	-	-	-	-
case	fixture::phase29ca_generic_loop_continue_bound2_guard1	apps/tests/phase29ca_generic_loop_continue_bound2_guard1.hako	generic-fixture	fixture-inventory	fixture-only	-	accepted	accepted	canonical-main	unknown	repo-scan:apps/tests/phase29ca_generic_loop_continue_bound2_guard1.hako	portable-owner	main0-continue	D0-DISPOSITION-CHECKED	not-run	GENERIC-LEGACY-CORPUS-UNIVERSE-P0	-	-	-	-	-	-	-	-
case	fixture::phase29ca_generic_loop_continue_guard_never	apps/tests/phase29ca_generic_loop_continue_guard_never.hako	generic-fixture	fixture-inventory	fixture-only	-	accepted	accepted	canonical-main	unknown	repo-scan:apps/tests/phase29ca_generic_loop_continue_guard_never.hako	portable-owner	main0-continue	D0-DISPOSITION-CHECKED	not-run	GENERIC-LEGACY-CORPUS-UNIVERSE-P0	-	-	-	-	-	-	-	-
case	fixture::phase29ca_generic_loop_continue_min	apps/tests/phase29ca_generic_loop_continue_min.hako	generic-fixture	fixture-inventory	fixture-only	-	accepted	accepted	canonical-main	unknown	repo-scan:apps/tests/phase29ca_generic_loop_continue_min.hako	portable-owner	main0-continue	D0-DISPOSITION-CHECKED	phase29bq_portable_owner_source_backed_gate_mir	GENERIC-LEGACY-CORPUS-UNIVERSE-P0	-	-	-	-	-	-	-	-
case	fixture::phase29ca_generic_loop_continue_renamed_locals	apps/tests/phase29ca_generic_loop_continue_renamed_locals.hako	generic-fixture	fixture-inventory	fixture-only	-	accepted	accepted	canonical-main	unknown	repo-scan:apps/tests/phase29ca_generic_loop_continue_renamed_locals.hako	portable-owner	main0-continue	D0-DISPOSITION-CHECKED	not-run	GENERIC-LEGACY-CORPUS-UNIVERSE-P0	-	-	-	-	-	-	-	-
case	fixture::phase29ca_generic_loop_continue_upper_bound_continue	apps/tests/phase29ca_generic_loop_continue_upper_bound_continue.hako	generic-fixture	fixture-inventory	fixture-only	-	accepted	accepted	canonical-main	unknown	repo-scan:apps/tests/phase29ca_generic_loop_continue_upper_bound_continue.hako	portable-owner	main0-continue	D0-DISPOSITION-CHECKED	not-run	GENERIC-LEGACY-CORPUS-UNIVERSE-P0	-	-	-	-	-	-	-	-
case	fixture::phase29ca_generic_loop_continue_upper_bound_normal	apps/tests/phase29ca_generic_loop_continue_upper_bound_normal.hako	generic-fixture	fixture-inventory	fixture-only	-	accepted	accepted	canonical-main	unknown	repo-scan:apps/tests/phase29ca_generic_loop_continue_upper_bound_normal.hako	portable-owner	main0-continue	D0-DISPOSITION-CHECKED	not-run	GENERIC-LEGACY-CORPUS-UNIVERSE-P0	-	-	-	-	-	-	-	-
case	fixture::phase29ca_generic_loop_continue_zero_iter	apps/tests/phase29ca_generic_loop_continue_zero_iter.hako	generic-fixture	fixture-inventory	fixture-only	-	accepted	accepted	canonical-main	unknown	repo-scan:apps/tests/phase29ca_generic_loop_continue_zero_iter.hako	portable-owner	main0-continue	D0-DISPOSITION-CHECKED	not-run	GENERIC-LEGACY-CORPUS-UNIVERSE-P0	-	-	-	-	-	-	-	-
case	fixture::phase29cb_generic_loop_in_body_step_min	apps/tests/phase29cb_generic_loop_in_body_step_min.hako	generic-fixture	fixture-inventory	fixture-only	-	accepted	accepted	canonical-main	unknown	repo-scan:apps/tests/phase29cb_generic_loop_in_body_step_min.hako	portable-owner	main0-in-body-step	D0-DISPOSITION-CHECKED	phase29bq_portable_owner_source_backed_gate_mir	GENERIC-LEGACY-CORPUS-UNIVERSE-P0	-	-	-	-	-	-	-	-
case	fixture::selfhost_trim_generic_loop_min	apps/tests/selfhost_trim_generic_loop_min.hako	selfhost	fixture-inventory	fixture-only	-	rejected	rejected	qualified-preflight actual=Loop site=Body(3)	unknown	repo-scan:apps/tests/selfhost_trim_generic_loop_min.hako	accepted-typed-reject	qualified-preflight	D0-TYPED-REJECT	not-run	GENERIC-LEGACY-CORPUS-UNIVERSE-P0	-	-	-	-	-	-	-	-
case	generic_loop_continue_release_adopt_vm	tools/smokes/v2/profiles/integration/joinir/generic_loop_continue_release_adopt_vm.sh	generic-smoke	release-adopt	vm	-	accepted	accepted	release-adopt	unknown	smoke-script:tools/smokes/v2/profiles/integration/joinir/generic_loop_continue_release_adopt_vm.sh	portable-owner	main0-continue	D0-DISPOSITION-CHECKED	phase29bq_portable_owner_source_backed_gate_mir	GENERIC-LEGACY-CORPUS-UNIVERSE-P0	-	-	-	-	-	-	-	-
case	generic_loop_continue_strict_shadow_vm	tools/smokes/v2/profiles/integration/joinir/generic_loop_continue_strict_shadow_vm.sh	generic-smoke	strict-shadow	vm	-	failed-before-loop	rejected	static-call/legacy-fallback-retired StringHelpers.to_i64/1	unknown	smoke-script:tools/smokes/v2/profiles/integration/joinir/generic_loop_continue_strict_shadow_vm.sh	nonproduction-future-evidence	static-call	D0-PRE-LOOP-EVIDENCE	not-run	GENERIC-LEGACY-CORPUS-UNIVERSE-P0	-	-	-	-	-	-	-	-
case	generic_loop_in_body_step_release_adopt_vm	tools/smokes/v2/profiles/integration/joinir/generic_loop_in_body_step_release_adopt_vm.sh	generic-smoke	release-adopt	vm	-	accepted	accepted	release-adopt	unknown	smoke-script:tools/smokes/v2/profiles/integration/joinir/generic_loop_in_body_step_release_adopt_vm.sh	portable-owner	main0-in-body-step	D0-DISPOSITION-CHECKED	phase29bq_portable_owner_source_backed_gate_mir	GENERIC-LEGACY-CORPUS-UNIVERSE-P0	-	-	-	-	-	-	-	-
case	generic_loop_in_body_step_strict_shadow_vm	tools/smokes/v2/profiles/integration/joinir/generic_loop_in_body_step_strict_shadow_vm.sh	generic-smoke	strict-shadow	vm	-	failed-before-loop	rejected	static-call/legacy-fallback-retired StringHelpers.to_i64/1	unknown	smoke-script:tools/smokes/v2/profiles/integration/joinir/generic_loop_in_body_step_strict_shadow_vm.sh	nonproduction-future-evidence	static-call	D0-PRE-LOOP-EVIDENCE	not-run	GENERIC-LEGACY-CORPUS-UNIVERSE-P0	-	-	-	-	-	-	-	-
case	phase29ca_generic_loop_continue_release_adopt_vm	tools/smokes/v2/profiles/integration/joinir/generic_loop_continue_release_adopt_vm.sh	generic-smoke	compat-alias	vm	generic_loop_continue_release_adopt_vm	accepted	accepted	release-adopt	unknown	compat-script-alias:phase29ca_generic_loop_continue_release_adopt_vm	portable-owner	main0-continue	D0-DISPOSITION-CHECKED	phase29bq_portable_owner_source_backed_gate_mir	GENERIC-LEGACY-CORPUS-UNIVERSE-P0	-	-	-	-	-	-	-	-
case	phase29ca_generic_loop_continue_strict_shadow_vm	tools/smokes/v2/profiles/integration/joinir/generic_loop_continue_strict_shadow_vm.sh	generic-smoke	compat-alias	vm	generic_loop_continue_strict_shadow_vm	failed-before-loop	rejected	static-call/legacy-fallback-retired StringHelpers.to_i64/1	unknown	compat-script-alias:phase29ca_generic_loop_continue_strict_shadow_vm	nonproduction-future-evidence	static-call	D0-PRE-LOOP-EVIDENCE	not-run	GENERIC-LEGACY-CORPUS-UNIVERSE-P0	-	-	-	-	-	-	-	-
case	phase29cb_generic_loop_in_body_step_release_adopt_vm	tools/smokes/v2/profiles/integration/joinir/generic_loop_in_body_step_release_adopt_vm.sh	generic-smoke	compat-alias	vm	generic_loop_in_body_step_release_adopt_vm	accepted	accepted	release-adopt	unknown	compat-script-alias:phase29cb_generic_loop_in_body_step_release_adopt_vm	portable-owner	main0-in-body-step	D0-DISPOSITION-CHECKED	phase29bq_portable_owner_source_backed_gate_mir	GENERIC-LEGACY-CORPUS-UNIVERSE-P0	-	-	-	-	-	-	-	-
case	phase29cb_generic_loop_in_body_step_strict_shadow_vm	tools/smokes/v2/profiles/integration/joinir/generic_loop_in_body_step_strict_shadow_vm.sh	generic-smoke	compat-alias	vm	generic_loop_in_body_step_strict_shadow_vm	failed-before-loop	rejected	static-call/legacy-fallback-retired StringHelpers.to_i64/1	unknown	compat-script-alias:phase29cb_generic_loop_in_body_step_strict_shadow_vm	nonproduction-future-evidence	static-call	D0-PRE-LOOP-EVIDENCE	not-run	GENERIC-LEGACY-CORPUS-UNIVERSE-P0	-	-	-	-	-	-	-	-
# S0 edge records (GENERIC-LEGACY-CROSS-FAMILY-DEPENDENCY-S0): per-file caller-graph classification; '-' is the non-applicable sentinel.
edge	edge:mir/builder/control_flow/facts/canon/generic_loop	src/mir/builder/control_flow/facts/canon/generic_loop.rs	-	-	-	-	-	-	-	-	-	-	-	-	-	-	mir::builder::control_flow::facts::canon::generic_loop	C1:facts-canon-generic_loop	1	0	module-decl	neutralize-first	M10b-I0-R0	loop_structural_facts/generic_g0
edge	edge:mir/builder/control_flow/facts/canon/generic_loop/condition	src/mir/builder/control_flow/facts/canon/generic_loop/condition.rs	-	-	-	-	-	-	-	-	-	-	-	-	-	-	mir::builder::control_flow::facts::canon::generic_loop::condition	C1:facts-canon-generic_loop	0	0	legacy-facts-authority	generic-only	GENERIC-LEGACY-DEAD-CODE-R1	loop_structural_facts/generic_g0
edge	edge:mir/builder/control_flow/facts/canon/generic_loop/step	src/mir/builder/control_flow/facts/canon/generic_loop/step.rs	-	-	-	-	-	-	-	-	-	-	-	-	-	-	mir::builder::control_flow::facts::canon::generic_loop::step	C1:facts-canon-generic_loop	0	0	legacy-facts-authority	generic-only	GENERIC-LEGACY-DEAD-CODE-R1	loop_structural_facts/generic_g0
edge	edge:mir/builder/control_flow/facts/canon/generic_loop/step/extract	src/mir/builder/control_flow/facts/canon/generic_loop/step/extract.rs	-	-	-	-	-	-	-	-	-	-	-	-	-	-	mir::builder::control_flow::facts::canon::generic_loop::step::extract	C1:facts-canon-generic_loop	0	0	legacy-facts-authority	generic-only	GENERIC-LEGACY-DEAD-CODE-R1	loop_structural_facts/generic_g0
edge	edge:mir/builder/control_flow/facts/canon/generic_loop/step/placement	src/mir/builder/control_flow/facts/canon/generic_loop/step/placement.rs	-	-	-	-	-	-	-	-	-	-	-	-	-	-	mir::builder::control_flow::facts::canon::generic_loop::step::placement	C1:facts-canon-generic_loop	0	0	legacy-facts-authority	generic-only	GENERIC-LEGACY-DEAD-CODE-R1	loop_structural_facts/generic_g0
edge	edge:mir/builder/control_flow/facts/canon/generic_loop/step/placement/matcher	src/mir/builder/control_flow/facts/canon/generic_loop/step/placement/matcher.rs	-	-	-	-	-	-	-	-	-	-	-	-	-	-	mir::builder::control_flow::facts::canon::generic_loop::step::placement::matcher	C1:facts-canon-generic_loop	0	0	legacy-facts-authority	generic-only	GENERIC-LEGACY-DEAD-CODE-R1	loop_structural_facts/generic_g0
edge	edge:mir/builder/control_flow/facts/canon/generic_loop/types	src/mir/builder/control_flow/facts/canon/generic_loop/types.rs	-	-	-	-	-	-	-	-	-	-	-	-	-	-	mir::builder::control_flow::facts::canon::generic_loop::types	C1:facts-canon-generic_loop	0	0	legacy-facts-authority	generic-only	GENERIC-LEGACY-DEAD-CODE-R1	loop_structural_facts/generic_g0
edge	edge:mir/builder/control_flow/facts/canon/generic_loop/update	src/mir/builder/control_flow/facts/canon/generic_loop/update.rs	-	-	-	-	-	-	-	-	-	-	-	-	-	-	mir::builder::control_flow::facts::canon::generic_loop::update	C1:facts-canon-generic_loop	0	0	legacy-facts-authority	generic-only	GENERIC-LEGACY-DEAD-CODE-R1	loop_structural_facts/generic_g0
edge	edge:mir/builder/control_flow/generic_loop_canon/condition/bound	src/mir/builder/control_flow/generic_loop_canon/condition/bound.rs	-	-	-	-	-	-	-	-	-	-	-	-	-	-	mir::builder::control_flow::generic_loop_canon::condition::bound	C1:generic_loop_canon	0	0	canon-analysis	generic-only	GENERIC-LEGACY-DEAD-CODE-R1	loop_structural_facts/generic_g0
edge	edge:mir/builder/control_flow/generic_loop_canon/condition/candidates	src/mir/builder/control_flow/generic_loop_canon/condition/candidates.rs	-	-	-	-	-	-	-	-	-	-	-	-	-	-	mir::builder::control_flow::generic_loop_canon::condition::candidates	C1:generic_loop_canon	0	0	canon-analysis	generic-only	GENERIC-LEGACY-DEAD-CODE-R1	loop_structural_facts/generic_g0
edge	edge:mir/builder/control_flow/generic_loop_canon/condition/mod	src/mir/builder/control_flow/generic_loop_canon/condition/mod.rs	-	-	-	-	-	-	-	-	-	-	-	-	-	-	mir::builder::control_flow::generic_loop_canon::condition	C1:generic_loop_canon	0	0	module-decl	generic-only	GENERIC-LEGACY-DEAD-CODE-R1	loop_structural_facts/generic_g0
edge	edge:mir/builder/control_flow/generic_loop_canon/mod	src/mir/builder/control_flow/generic_loop_canon/mod.rs	-	-	-	-	-	-	-	-	-	-	-	-	-	-	mir::builder::control_flow::generic_loop_canon	C6:shared-updatecanon	5	0	module-decl	shared-retain	M12	retained until non-Generic extractor callers retire (M12)
edge	edge:mir/builder/control_flow/generic_loop_canon/step_extract/complex_step	src/mir/builder/control_flow/generic_loop_canon/step_extract/complex_step.rs	-	-	-	-	-	-	-	-	-	-	-	-	-	-	mir::builder::control_flow::generic_loop_canon::step_extract::complex_step	C1:generic_loop_canon	0	0	canon-analysis	generic-only	GENERIC-LEGACY-DEAD-CODE-R1	loop_structural_facts/generic_g0
edge	edge:mir/builder/control_flow/generic_loop_canon/step_extract/mod	src/mir/builder/control_flow/generic_loop_canon/step_extract/mod.rs	-	-	-	-	-	-	-	-	-	-	-	-	-	-	mir::builder::control_flow::generic_loop_canon::step_extract	C1:generic_loop_canon	0	0	module-decl	generic-only	GENERIC-LEGACY-DEAD-CODE-R1	loop_structural_facts/generic_g0
edge	edge:mir/builder/control_flow/generic_loop_canon/step_extract/next_step	src/mir/builder/control_flow/generic_loop_canon/step_extract/next_step.rs	-	-	-	-	-	-	-	-	-	-	-	-	-	-	mir::builder::control_flow::generic_loop_canon::step_extract::next_step	C1:generic_loop_canon	0	0	canon-analysis	generic-only	GENERIC-LEGACY-DEAD-CODE-R1	loop_structural_facts/generic_g0
edge	edge:mir/builder/control_flow/generic_loop_canon/step_extract/shared	src/mir/builder/control_flow/generic_loop_canon/step_extract/shared.rs	-	-	-	-	-	-	-	-	-	-	-	-	-	-	mir::builder::control_flow::generic_loop_canon::step_extract::shared	C1:generic_loop_canon	0	0	canon-analysis	generic-only	GENERIC-LEGACY-DEAD-CODE-R1	loop_structural_facts/generic_g0
edge	edge:mir/builder/control_flow/generic_loop_canon/step_extract/var_step	src/mir/builder/control_flow/generic_loop_canon/step_extract/var_step.rs	-	-	-	-	-	-	-	-	-	-	-	-	-	-	mir::builder::control_flow::generic_loop_canon::step_extract::var_step	C1:generic_loop_canon	0	0	canon-analysis	generic-only	GENERIC-LEGACY-DEAD-CODE-R1	loop_structural_facts/generic_g0
edge	edge:mir/builder/control_flow/generic_loop_canon/step_placement/facts	src/mir/builder/control_flow/generic_loop_canon/step_placement/facts.rs	-	-	-	-	-	-	-	-	-	-	-	-	-	-	mir::builder::control_flow::generic_loop_canon::step_placement::facts	C1:generic_loop_canon	0	0	canon-analysis	generic-only	GENERIC-LEGACY-DEAD-CODE-R1	loop_structural_facts/generic_g0
edge	edge:mir/builder/control_flow/generic_loop_canon/step_placement/mod	src/mir/builder/control_flow/generic_loop_canon/step_placement/mod.rs	-	-	-	-	-	-	-	-	-	-	-	-	-	-	mir::builder::control_flow::generic_loop_canon::step_placement	C1:generic_loop_canon	0	0	module-decl	generic-only	GENERIC-LEGACY-DEAD-CODE-R1	loop_structural_facts/generic_g0
edge	edge:mir/builder/control_flow/generic_loop_canon/step_placement/plan	src/mir/builder/control_flow/generic_loop_canon/step_placement/plan.rs	-	-	-	-	-	-	-	-	-	-	-	-	-	-	mir::builder::control_flow::generic_loop_canon::step_placement::plan	C1:generic_loop_canon	0	0	canon-analysis	generic-only	GENERIC-LEGACY-DEAD-CODE-R1	loop_structural_facts/generic_g0
edge	edge:mir/builder/control_flow/generic_loop_canon/types	src/mir/builder/control_flow/generic_loop_canon/types.rs	-	-	-	-	-	-	-	-	-	-	-	-	-	-	mir::builder::control_flow::generic_loop_canon::types	C6:shared-updatecanon	0	0	canon-analysis	shared-retain	M12	retained until non-Generic extractor callers retire (M12)
edge	edge:mir/builder/control_flow/generic_loop_canon/update/literal_match	src/mir/builder/control_flow/generic_loop_canon/update/literal_match.rs	-	-	-	-	-	-	-	-	-	-	-	-	-	-	mir::builder::control_flow::generic_loop_canon::update::literal_match	C6:shared-updatecanon	0	0	canon-analysis	shared-retain	M12	retained until non-Generic extractor callers retire (M12)
edge	edge:mir/builder/control_flow/generic_loop_canon/update/literal_step	src/mir/builder/control_flow/generic_loop_canon/update/literal_step.rs	-	-	-	-	-	-	-	-	-	-	-	-	-	-	mir::builder::control_flow::generic_loop_canon::update::literal_step	C6:shared-updatecanon	0	0	canon-analysis	shared-retain	M12	retained until non-Generic extractor callers retire (M12)
edge	edge:mir/builder/control_flow/generic_loop_canon/update/mod	src/mir/builder/control_flow/generic_loop_canon/update/mod.rs	-	-	-	-	-	-	-	-	-	-	-	-	-	-	mir::builder::control_flow::generic_loop_canon::update	C6:shared-updatecanon	0	0	module-decl	shared-retain	M12	retained until non-Generic extractor callers retire (M12)
edge	edge:mir/builder/control_flow/plan/generic_loop/body_check/expr_matchers/call	src/mir/builder/control_flow/plan/generic_loop/body_check/expr_matchers/call.rs	-	-	-	-	-	-	-	-	-	-	-	-	-	-	mir::builder::control_flow::plan::generic_loop::body_check::expr_matchers::call	C1:plan-generic_loop	0	0	legacy-facts-authority	generic-only	GENERIC-LEGACY-DEAD-CODE-R1	loop_structural_facts/generic_g0
edge	edge:mir/builder/control_flow/plan/generic_loop/body_check/expr_matchers/compare	src/mir/builder/control_flow/plan/generic_loop/body_check/expr_matchers/compare.rs	-	-	-	-	-	-	-	-	-	-	-	-	-	-	mir::builder::control_flow::plan::generic_loop::body_check::expr_matchers::compare	C1:plan-generic_loop	0	0	legacy-facts-authority	generic-only	GENERIC-LEGACY-DEAD-CODE-R1	loop_structural_facts/generic_g0
edge	edge:mir/builder/control_flow/plan/generic_loop/body_check/expr_matchers/control	src/mir/builder/control_flow/plan/generic_loop/body_check/expr_matchers/control.rs	-	-	-	-	-	-	-	-	-	-	-	-	-	-	mir::builder::control_flow::plan::generic_loop::body_check::expr_matchers::control	C1:plan-generic_loop	0	0	legacy-facts-authority	generic-only	GENERIC-LEGACY-DEAD-CODE-R1	loop_structural_facts/generic_g0
edge	edge:mir/builder/control_flow/plan/generic_loop/body_check/expr_matchers/literal	src/mir/builder/control_flow/plan/generic_loop/body_check/expr_matchers/literal.rs	-	-	-	-	-	-	-	-	-	-	-	-	-	-	mir::builder::control_flow::plan::generic_loop::body_check::expr_matchers::literal	C1:plan-generic_loop	0	0	legacy-facts-authority	generic-only	GENERIC-LEGACY-DEAD-CODE-R1	loop_structural_facts/generic_g0
edge	edge:mir/builder/control_flow/plan/generic_loop/body_check/expr_matchers/mod	src/mir/builder/control_flow/plan/generic_loop/body_check/expr_matchers/mod.rs	-	-	-	-	-	-	-	-	-	-	-	-	-	-	mir::builder::control_flow::plan::generic_loop::body_check::expr_matchers	C1:plan-generic_loop	0	0	module-decl	generic-only	GENERIC-LEGACY-DEAD-CODE-R1	loop_structural_facts/generic_g0
edge	edge:mir/builder/control_flow/plan/generic_loop/body_check/mod	src/mir/builder/control_flow/plan/generic_loop/body_check/mod.rs	-	-	-	-	-	-	-	-	-	-	-	-	-	-	mir::builder::control_flow::plan::generic_loop::body_check	C1:plan-generic_loop	0	0	module-decl	generic-only	GENERIC-LEGACY-DEAD-CODE-R1	loop_structural_facts/generic_g0
edge	edge:mir/builder/control_flow/plan/generic_loop/body_check/shape_detection	src/mir/builder/control_flow/plan/generic_loop/body_check/shape_detection.rs	-	-	-	-	-	-	-	-	-	-	-	-	-	-	mir::builder::control_flow::plan::generic_loop::body_check::shape_detection	C1:plan-generic_loop	0	0	legacy-facts-authority	generic-only	GENERIC-LEGACY-DEAD-CODE-R1	loop_structural_facts/generic_g0
edge	edge:mir/builder/control_flow/plan/generic_loop/body_check/shape_resolution	src/mir/builder/control_flow/plan/generic_loop/body_check/shape_resolution.rs	-	-	-	-	-	-	-	-	-	-	-	-	-	-	mir::builder::control_flow::plan::generic_loop::body_check::shape_resolution	C1:plan-generic_loop	0	0	legacy-facts-authority	generic-only	GENERIC-LEGACY-DEAD-CODE-R1	loop_structural_facts/generic_g0
edge	edge:mir/builder/control_flow/plan/generic_loop/body_check/step_validation	src/mir/builder/control_flow/plan/generic_loop/body_check/step_validation.rs	-	-	-	-	-	-	-	-	-	-	-	-	-	-	mir::builder::control_flow::plan::generic_loop::body_check::step_validation	C1:plan-generic_loop	0	0	legacy-facts-authority	generic-only	GENERIC-LEGACY-DEAD-CODE-R1	loop_structural_facts/generic_g0
edge	edge:mir/builder/control_flow/plan/generic_loop/body_check/validation_v0	src/mir/builder/control_flow/plan/generic_loop/body_check/validation_v0.rs	-	-	-	-	-	-	-	-	-	-	-	-	-	-	mir::builder::control_flow::plan::generic_loop::body_check::validation_v0	C1:plan-generic_loop	0	0	legacy-facts-authority	generic-only	GENERIC-LEGACY-DEAD-CODE-R1	loop_structural_facts/generic_g0
edge	edge:mir/builder/control_flow/plan/generic_loop/body_check/validation_v1	src/mir/builder/control_flow/plan/generic_loop/body_check/validation_v1.rs	-	-	-	-	-	-	-	-	-	-	-	-	-	-	mir::builder::control_flow::plan::generic_loop::body_check::validation_v1	C1:plan-generic_loop	0	0	legacy-facts-authority	generic-only	GENERIC-LEGACY-DEAD-CODE-R1	loop_structural_facts/generic_g0
edge	edge:mir/builder/control_flow/plan/generic_loop/body_check_extractors	src/mir/builder/control_flow/plan/generic_loop/body_check_extractors.rs	-	-	-	-	-	-	-	-	-	-	-	-	-	-	mir::builder::control_flow::plan::generic_loop::body_check_extractors	C1:plan-generic_loop	0	0	legacy-facts-authority	generic-only	GENERIC-LEGACY-DEAD-CODE-R1	loop_structural_facts/generic_g0
edge	edge:mir/builder/control_flow/plan/generic_loop/body_check_shape_detectors/accum	src/mir/builder/control_flow/plan/generic_loop/body_check_shape_detectors/accum.rs	-	-	-	-	-	-	-	-	-	-	-	-	-	-	mir::builder::control_flow::plan::generic_loop::body_check_shape_detectors::accum	C1:plan-generic_loop	0	0	legacy-facts-authority	generic-only	GENERIC-LEGACY-DEAD-CODE-R1	loop_structural_facts/generic_g0
edge	edge:mir/builder/control_flow/plan/generic_loop/body_check_shape_detectors/basic	src/mir/builder/control_flow/plan/generic_loop/body_check_shape_detectors/basic.rs	-	-	-	-	-	-	-	-	-	-	-	-	-	-	mir::builder::control_flow::plan::generic_loop::body_check_shape_detectors::basic	C1:plan-generic_loop	0	0	legacy-facts-authority	generic-only	GENERIC-LEGACY-DEAD-CODE-R1	loop_structural_facts/generic_g0
edge	edge:mir/builder/control_flow/plan/generic_loop/body_check_shape_detectors/complex_parsers	src/mir/builder/control_flow/plan/generic_loop/body_check_shape_detectors/complex_parsers.rs	-	-	-	-	-	-	-	-	-	-	-	-	-	-	mir::builder::control_flow::plan::generic_loop::body_check_shape_detectors::complex_parsers	C1:plan-generic_loop	0	0	legacy-facts-authority	generic-only	GENERIC-LEGACY-DEAD-CODE-R1	loop_structural_facts/generic_g0
edge	edge:mir/builder/control_flow/plan/generic_loop/body_check_shape_detectors/inner_loop	src/mir/builder/control_flow/plan/generic_loop/body_check_shape_detectors/inner_loop.rs	-	-	-	-	-	-	-	-	-	-	-	-	-	-	mir::builder::control_flow::plan::generic_loop::body_check_shape_detectors::inner_loop	C1:plan-generic_loop	0	0	legacy-facts-authority	generic-only	GENERIC-LEGACY-DEAD-CODE-R1	loop_structural_facts/generic_g0
edge	edge:mir/builder/control_flow/plan/generic_loop/body_check_shape_detectors/mod	src/mir/builder/control_flow/plan/generic_loop/body_check_shape_detectors/mod.rs	-	-	-	-	-	-	-	-	-	-	-	-	-	-	mir::builder::control_flow::plan::generic_loop::body_check_shape_detectors	C1:plan-generic_loop	0	0	module-decl	generic-only	GENERIC-LEGACY-DEAD-CODE-R1	loop_structural_facts/generic_g0
edge	edge:mir/builder/control_flow/plan/generic_loop/body_check_shape_detectors/nested_loop_program2	src/mir/builder/control_flow/plan/generic_loop/body_check_shape_detectors/nested_loop_program2.rs	-	-	-	-	-	-	-	-	-	-	-	-	-	-	mir::builder::control_flow::plan::generic_loop::body_check_shape_detectors::nested_loop_program2	C1:plan-generic_loop	0	0	legacy-facts-authority	generic-only	GENERIC-LEGACY-DEAD-CODE-R1	loop_structural_facts/generic_g0
edge	edge:mir/builder/control_flow/plan/generic_loop/body_check_shape_detectors/utils	src/mir/builder/control_flow/plan/generic_loop/body_check_shape_detectors/utils.rs	-	-	-	-	-	-	-	-	-	-	-	-	-	-	mir::builder::control_flow::plan::generic_loop::body_check_shape_detectors::utils	C1:plan-generic_loop	0	0	legacy-facts-authority	generic-only	GENERIC-LEGACY-DEAD-CODE-R1	loop_structural_facts/generic_g0
edge	edge:mir/builder/control_flow/plan/generic_loop/body_check_tests	src/mir/builder/control_flow/plan/generic_loop/body_check_tests.rs	-	-	-	-	-	-	-	-	-	-	-	-	-	-	mir::builder::control_flow::plan::generic_loop::body_check_tests	C1:plan-generic_loop	0	0	test-only	generic-only	GENERIC-LEGACY-DEAD-CODE-R1	generic_g0 parity evidence
edge	edge:mir/builder/control_flow/plan/generic_loop/carrier_representation	src/mir/builder/control_flow/plan/generic_loop/carrier_representation.rs	-	-	-	-	-	-	-	-	-	-	-	-	-	-	mir::builder::control_flow::plan::generic_loop::carrier_representation	C1:plan-generic_loop	0	0	legacy-facts-authority	generic-only	GENERIC-LEGACY-DEAD-CODE-R1	loop_structural_facts/generic_g0
edge	edge:mir/builder/control_flow/plan/generic_loop/facts/extract/collection	src/mir/builder/control_flow/plan/generic_loop/facts/extract/collection.rs	-	-	-	-	-	-	-	-	-	-	-	-	-	-	mir::builder::control_flow::plan::generic_loop::facts::extract::collection	C1:plan-generic_loop	0	0	legacy-facts-authority	generic-only	GENERIC-LEGACY-DEAD-CODE-R1	loop_structural_facts/generic_g0
edge	edge:mir/builder/control_flow/plan/generic_loop/facts/extract/mod	src/mir/builder/control_flow/plan/generic_loop/facts/extract/mod.rs	-	-	-	-	-	-	-	-	-	-	-	-	-	-	mir::builder::control_flow::plan::generic_loop::facts::extract	C1:plan-generic_loop	2	4	module-decl	neutralize-first	M10b-I0-R0	loop_structural_facts/generic_g0
edge	edge:mir/builder/control_flow/plan/generic_loop/facts/extract/progression_role_baseline_tests	src/mir/builder/control_flow/plan/generic_loop/facts/extract/progression_role_baseline_tests.rs	-	-	-	-	-	-	-	-	-	-	-	-	-	-	mir::builder::control_flow::plan::generic_loop::facts::extract::progression_role_baseline_tests	C1:plan-generic_loop	0	0	test-only	generic-only	GENERIC-LEGACY-DEAD-CODE-R1	generic_g0 parity evidence
edge	edge:mir/builder/control_flow/plan/generic_loop/facts/extract/successful_extraction_tests	src/mir/builder/control_flow/plan/generic_loop/facts/extract/successful_extraction_tests.rs	-	-	-	-	-	-	-	-	-	-	-	-	-	-	mir::builder::control_flow::plan::generic_loop::facts::extract::successful_extraction_tests	C1:plan-generic_loop	0	0	test-only	generic-only	GENERIC-LEGACY-DEAD-CODE-R1	generic_g0 parity evidence
edge	edge:mir/builder/control_flow/plan/generic_loop/facts/extract/test_support	src/mir/builder/control_flow/plan/generic_loop/facts/extract/test_support.rs	-	-	-	-	-	-	-	-	-	-	-	-	-	-	mir::builder::control_flow::plan::generic_loop::facts::extract::test_support	C1:plan-generic_loop	0	3	test-only	generic-only	GENERIC-LEGACY-DEAD-CODE-R1	generic_g0 parity evidence
edge	edge:mir/builder/control_flow/plan/generic_loop/facts/extract/tests	src/mir/builder/control_flow/plan/generic_loop/facts/extract/tests.rs	-	-	-	-	-	-	-	-	-	-	-	-	-	-	mir::builder::control_flow::plan::generic_loop::facts::extract::tests	C1:plan-generic_loop	0	0	test-only	generic-only	GENERIC-LEGACY-DEAD-CODE-R1	generic_g0 parity evidence
edge	edge:mir/builder/control_flow/plan/generic_loop/facts/extract/v0	src/mir/builder/control_flow/plan/generic_loop/facts/extract/v0.rs	-	-	-	-	-	-	-	-	-	-	-	-	-	-	mir::builder::control_flow::plan::generic_loop::facts::extract::v0	C1:plan-generic_loop	0	0	legacy-facts-authority	generic-only	GENERIC-LEGACY-DEAD-CODE-R1	loop_structural_facts/generic_g0
edge	edge:mir/builder/control_flow/plan/generic_loop/facts/extract/v1	src/mir/builder/control_flow/plan/generic_loop/facts/extract/v1.rs	-	-	-	-	-	-	-	-	-	-	-	-	-	-	mir::builder::control_flow::plan::generic_loop::facts::extract::v1	C1:plan-generic_loop	0	0	legacy-facts-authority	generic-only	GENERIC-LEGACY-DEAD-CODE-R1	loop_structural_facts/generic_g0
edge	edge:mir/builder/control_flow/plan/generic_loop/facts/mod	src/mir/builder/control_flow/plan/generic_loop/facts/mod.rs	-	-	-	-	-	-	-	-	-	-	-	-	-	-	mir::builder::control_flow::plan::generic_loop::facts	C1:plan-generic_loop	4	4	module-decl	neutralize-first	M10b-I0-R0	loop_structural_facts/generic_g0
edge	edge:mir/builder/control_flow/plan/generic_loop/facts/policy	src/mir/builder/control_flow/plan/generic_loop/facts/policy.rs	-	-	-	-	-	-	-	-	-	-	-	-	-	-	mir::builder::control_flow::plan::generic_loop::facts::policy	C1:plan-generic_loop	0	0	legacy-facts-authority	generic-only	GENERIC-LEGACY-DEAD-CODE-R1	loop_structural_facts/generic_g0
edge	edge:mir/builder/control_flow/plan/generic_loop/facts/progression_role/branch_control	src/mir/builder/control_flow/plan/generic_loop/facts/progression_role/branch_control.rs	-	-	-	-	-	-	-	-	-	-	-	-	-	-	mir::builder::control_flow::plan::generic_loop::facts::progression_role::branch_control	C1:plan-generic_loop	0	0	legacy-facts-authority	generic-only	GENERIC-LEGACY-DEAD-CODE-R1	loop_structural_facts/generic_g0
edge	edge:mir/builder/control_flow/plan/generic_loop/facts/progression_role/coverage_inventory	src/mir/builder/control_flow/plan/generic_loop/facts/progression_role/coverage_inventory.rs	-	-	-	-	-	-	-	-	-	-	-	-	-	-	mir::builder::control_flow::plan::generic_loop::facts::progression_role::coverage_inventory	C1:plan-generic_loop	0	0	legacy-facts-authority	generic-only	GENERIC-LEGACY-DEAD-CODE-R1	loop_structural_facts/generic_g0
edge	edge:mir/builder/control_flow/plan/generic_loop/facts/progression_role/mod	src/mir/builder/control_flow/plan/generic_loop/facts/progression_role/mod.rs	-	-	-	-	-	-	-	-	-	-	-	-	-	-	mir::builder::control_flow::plan::generic_loop::facts::progression_role	C1:plan-generic_loop	0	0	module-decl	generic-only	GENERIC-LEGACY-DEAD-CODE-R1	loop_structural_facts/generic_g0
edge	edge:mir/builder/control_flow/plan/generic_loop/facts/progression_role/observation	src/mir/builder/control_flow/plan/generic_loop/facts/progression_role/observation.rs	-	-	-	-	-	-	-	-	-	-	-	-	-	-	mir::builder::control_flow::plan::generic_loop::facts::progression_role::observation	C1:plan-generic_loop	0	0	legacy-facts-authority	generic-only	GENERIC-LEGACY-DEAD-CODE-R1	loop_structural_facts/generic_g0
edge	edge:mir/builder/control_flow/plan/generic_loop/facts/progression_role/policy	src/mir/builder/control_flow/plan/generic_loop/facts/progression_role/policy.rs	-	-	-	-	-	-	-	-	-	-	-	-	-	-	mir::builder::control_flow::plan::generic_loop::facts::progression_role::policy	C1:plan-generic_loop	0	0	legacy-facts-authority	generic-only	GENERIC-LEGACY-DEAD-CODE-R1	loop_structural_facts/generic_g0
edge	edge:mir/builder/control_flow/plan/generic_loop/facts/progression_role/report	src/mir/builder/control_flow/plan/generic_loop/facts/progression_role/report.rs	-	-	-	-	-	-	-	-	-	-	-	-	-	-	mir::builder::control_flow::plan::generic_loop::facts::progression_role::report	C1:plan-generic_loop	0	0	legacy-facts-authority	generic-only	GENERIC-LEGACY-DEAD-CODE-R1	loop_structural_facts/generic_g0
edge	edge:mir/builder/control_flow/plan/generic_loop/facts/stmt_classifier/assign	src/mir/builder/control_flow/plan/generic_loop/facts/stmt_classifier/assign.rs	-	-	-	-	-	-	-	-	-	-	-	-	-	-	mir::builder::control_flow::plan::generic_loop::facts::stmt_classifier::assign	C1:plan-generic_loop	0	0	legacy-facts-authority	generic-only	GENERIC-LEGACY-DEAD-CODE-R1	loop_structural_facts/generic_g0
edge	edge:mir/builder/control_flow/plan/generic_loop/facts/stmt_classifier/control	src/mir/builder/control_flow/plan/generic_loop/facts/stmt_classifier/control.rs	-	-	-	-	-	-	-	-	-	-	-	-	-	-	mir::builder::control_flow::plan::generic_loop::facts::stmt_classifier::control	C1:plan-generic_loop	0	0	legacy-facts-authority	generic-only	GENERIC-LEGACY-DEAD-CODE-R1	loop_structural_facts/generic_g0
edge	edge:mir/builder/control_flow/plan/generic_loop/facts/stmt_classifier/local	src/mir/builder/control_flow/plan/generic_loop/facts/stmt_classifier/local.rs	-	-	-	-	-	-	-	-	-	-	-	-	-	-	mir::builder::control_flow::plan::generic_loop::facts::stmt_classifier::local	C1:plan-generic_loop	0	0	legacy-facts-authority	generic-only	GENERIC-LEGACY-DEAD-CODE-R1	loop_structural_facts/generic_g0
edge	edge:mir/builder/control_flow/plan/generic_loop/facts/stmt_classifier/mod	src/mir/builder/control_flow/plan/generic_loop/facts/stmt_classifier/mod.rs	-	-	-	-	-	-	-	-	-	-	-	-	-	-	mir::builder::control_flow::plan::generic_loop::facts::stmt_classifier	C1:plan-generic_loop	0	0	module-decl	generic-only	GENERIC-LEGACY-DEAD-CODE-R1	loop_structural_facts/generic_g0
edge	edge:mir/builder/control_flow/plan/generic_loop/facts/stmt_classifier/utils	src/mir/builder/control_flow/plan/generic_loop/facts/stmt_classifier/utils.rs	-	-	-	-	-	-	-	-	-	-	-	-	-	-	mir::builder::control_flow::plan::generic_loop::facts::stmt_classifier::utils	C1:plan-generic_loop	0	0	legacy-facts-authority	generic-only	GENERIC-LEGACY-DEAD-CODE-R1	loop_structural_facts/generic_g0
edge	edge:mir/builder/control_flow/plan/generic_loop/facts_helpers	src/mir/builder/control_flow/plan/generic_loop/facts_helpers.rs	-	-	-	-	-	-	-	-	-	-	-	-	-	-	mir::builder::control_flow::plan::generic_loop::facts_helpers	C1:plan-generic_loop	0	0	legacy-facts-authority	generic-only	GENERIC-LEGACY-DEAD-CODE-R1	loop_structural_facts/generic_g0
edge	edge:mir/builder/control_flow/plan/generic_loop/facts_types	src/mir/builder/control_flow/plan/generic_loop/facts_types.rs	-	-	-	-	-	-	-	-	-	-	-	-	-	-	mir::builder::control_flow::plan::generic_loop::facts_types	C1:plan-generic_loop	3	0	legacy-facts-authority	neutralize-first	M10b-I0-R0	loop_structural_facts/generic_g0
edge	edge:mir/builder/control_flow/plan/generic_loop/located_representation/actual_parser_tests	src/mir/builder/control_flow/plan/generic_loop/located_representation/actual_parser_tests.rs	-	-	-	-	-	-	-	-	-	-	-	-	-	-	mir::builder::control_flow::plan::generic_loop::located_representation::actual_parser_tests	C1:located-handoff-candidate	0	0	test-only	shared-retain	M11-R1	located source handoff (M11)
edge	edge:mir/builder/control_flow/plan/generic_loop/located_representation/direct_preflight	src/mir/builder/control_flow/plan/generic_loop/located_representation/direct_preflight.rs	-	-	-	-	-	-	-	-	-	-	-	-	-	-	mir::builder::control_flow::plan::generic_loop::located_representation::direct_preflight	C1:located-handoff-candidate	0	0	located-handoff	shared-retain	M11-R1	located source handoff (M11)
edge	edge:mir/builder/control_flow/plan/generic_loop/located_representation/direct_preflight_tests	src/mir/builder/control_flow/plan/generic_loop/located_representation/direct_preflight_tests.rs	-	-	-	-	-	-	-	-	-	-	-	-	-	-	mir::builder::control_flow::plan::generic_loop::located_representation::direct_preflight_tests	C1:located-handoff-candidate	0	0	test-only	shared-retain	M11-R1	located source handoff (M11)
edge	edge:mir/builder/control_flow/plan/generic_loop/located_representation/error	src/mir/builder/control_flow/plan/generic_loop/located_representation/error.rs	-	-	-	-	-	-	-	-	-	-	-	-	-	-	mir::builder::control_flow::plan::generic_loop::located_representation::error	C1:located-handoff-candidate	0	0	located-handoff	shared-retain	M11-R1	located source handoff (M11)
edge	edge:mir/builder/control_flow/plan/generic_loop/located_representation/lowering_view	src/mir/builder/control_flow/plan/generic_loop/located_representation/lowering_view.rs	-	-	-	-	-	-	-	-	-	-	-	-	-	-	mir::builder::control_flow::plan::generic_loop::located_representation::lowering_view	C1:located-handoff-candidate	0	0	located-handoff	shared-retain	M11-R1	located source handoff (M11)
edge	edge:mir/builder/control_flow/plan/generic_loop/located_representation/lowering_view_tests	src/mir/builder/control_flow/plan/generic_loop/located_representation/lowering_view_tests.rs	-	-	-	-	-	-	-	-	-	-	-	-	-	-	mir::builder::control_flow::plan::generic_loop::located_representation::lowering_view_tests	C1:located-handoff-candidate	0	0	test-only	shared-retain	M11-R1	located source handoff (M11)
edge	edge:mir/builder/control_flow/plan/generic_loop/located_representation/mod	src/mir/builder/control_flow/plan/generic_loop/located_representation/mod.rs	-	-	-	-	-	-	-	-	-	-	-	-	-	-	mir::builder::control_flow::plan::generic_loop::located_representation	C1:located-handoff-candidate	3	4	module-decl	shared-retain	M11-R1	located source handoff (M11)
edge	edge:mir/builder/control_flow/plan/generic_loop/located_representation/product	src/mir/builder/control_flow/plan/generic_loop/located_representation/product.rs	-	-	-	-	-	-	-	-	-	-	-	-	-	-	mir::builder::control_flow::plan::generic_loop::located_representation::product	C1:located-handoff-candidate	0	0	located-handoff	shared-retain	M11-R1	located source handoff (M11)
edge	edge:mir/builder/control_flow/plan/generic_loop/located_representation/recipe_seal	src/mir/builder/control_flow/plan/generic_loop/located_representation/recipe_seal.rs	-	-	-	-	-	-	-	-	-	-	-	-	-	-	mir::builder::control_flow::plan::generic_loop::located_representation::recipe_seal	C1:located-handoff-candidate	0	0	located-handoff	shared-retain	M11-R1	located source handoff (M11)
edge	edge:mir/builder/control_flow/plan/generic_loop/located_representation/site_projection_tests	src/mir/builder/control_flow/plan/generic_loop/located_representation/site_projection_tests.rs	-	-	-	-	-	-	-	-	-	-	-	-	-	-	mir::builder::control_flow::plan::generic_loop::located_representation::site_projection_tests	C1:located-handoff-candidate	0	0	test-only	shared-retain	M11-R1	located source handoff (M11)
edge	edge:mir/builder/control_flow/plan/generic_loop/located_representation/tests	src/mir/builder/control_flow/plan/generic_loop/located_representation/tests.rs	-	-	-	-	-	-	-	-	-	-	-	-	-	-	mir::builder::control_flow::plan::generic_loop::located_representation::tests	C1:located-handoff-candidate	0	0	test-only	shared-retain	M11-R1	located source handoff (M11)
edge	edge:mir/builder/control_flow/plan/generic_loop/mod	src/mir/builder/control_flow/plan/generic_loop/mod.rs	-	-	-	-	-	-	-	-	-	-	-	-	-	-	mir::builder::control_flow::plan::generic_loop	C1:plan-generic_loop	15	4	module-decl	neutralize-first	M10b-I0-R0	loop_structural_facts/generic_g0
edge	edge:mir/builder/control_flow/plan/generic_loop/normalizer	src/mir/builder/control_flow/plan/generic_loop/normalizer.rs	-	-	-	-	-	-	-	-	-	-	-	-	-	-	mir::builder::control_flow::plan::generic_loop::normalizer	C1:plan-generic_loop	0	0	legacy-facts-authority	generic-only	GENERIC-LEGACY-DEAD-CODE-R1	loop_structural_facts/generic_g0
edge	edge:mir/policies/generic_loop_overlap_policy	src/mir/policies/generic_loop_overlap_policy.rs	-	-	-	-	-	-	-	-	-	-	-	-	-	-	mir::policies::generic_loop_overlap_policy	C1:policies	1	0	legacy-policy	neutralize-first	M10b-I0-R0	loop_route_policy/generic_g0
edge	edge:mir/policies/generic_loop_v1_shape	src/mir/policies/generic_loop_v1_shape.rs	-	-	-	-	-	-	-	-	-	-	-	-	-	-	mir::policies::generic_loop_v1_shape	C1:policies	1	0	legacy-policy	neutralize-first	M10b-I0-R0	loop_route_policy/generic_g0
edge	edge:mir/builder/control_flow/joinir/route_entry/registry/direct_accum_const_loop_terminality	src/mir/builder/control_flow/joinir/route_entry/registry/direct_accum_const_loop_terminality.rs	-	-	-	-	-	-	-	-	-	-	-	-	-	-	mir::builder::control_flow::joinir::route_entry::registry::direct_accum_const_loop_terminality	C2:shared-route-authority	0	0	route-selection	shared-retain	retained	retained (ordered route authority)
edge	edge:mir/builder/control_flow/joinir/route_entry/registry/direct_if_phi_join_terminality	src/mir/builder/control_flow/joinir/route_entry/registry/direct_if_phi_join_terminality.rs	-	-	-	-	-	-	-	-	-	-	-	-	-	-	mir::builder::control_flow::joinir::route_entry::registry::direct_if_phi_join_terminality	C2:shared-route-authority	0	0	route-selection	shared-retain	retained	retained (ordered route authority)
edge	edge:mir/builder/control_flow/joinir/route_entry/registry/direct_loop_break_terminality	src/mir/builder/control_flow/joinir/route_entry/registry/direct_loop_break_terminality.rs	-	-	-	-	-	-	-	-	-	-	-	-	-	-	mir::builder::control_flow::joinir::route_entry::registry::direct_loop_break_terminality	C2:shared-route-authority	0	0	route-selection	shared-retain	M10b-I0-R0	retained (ordered route authority)
edge	edge:mir/builder/control_flow/joinir/route_entry/registry/direct_loop_continue_only_terminality	src/mir/builder/control_flow/joinir/route_entry/registry/direct_loop_continue_only_terminality.rs	-	-	-	-	-	-	-	-	-	-	-	-	-	-	mir::builder::control_flow::joinir::route_entry::registry::direct_loop_continue_only_terminality	C2:shared-route-authority	0	0	route-selection	shared-retain	retained	retained (ordered route authority)
edge	edge:mir/builder/control_flow/joinir/route_entry/registry/direct_simple_while_terminality	src/mir/builder/control_flow/joinir/route_entry/registry/direct_simple_while_terminality.rs	-	-	-	-	-	-	-	-	-	-	-	-	-	-	mir::builder::control_flow::joinir::route_entry::registry::direct_simple_while_terminality	C2:shared-route-authority	0	0	route-selection	shared-retain	retained	retained (ordered route authority)
edge	edge:mir/builder/control_flow/joinir/route_entry/registry/effect_order_matrix_tests	src/mir/builder/control_flow/joinir/route_entry/registry/effect_order_matrix_tests.rs	-	-	-	-	-	-	-	-	-	-	-	-	-	-	mir::builder::control_flow::joinir::route_entry::registry::effect_order_matrix_tests	C2:shared-route-authority	0	0	test-only	shared-retain	M10b-I0-R0	retained (ordered route authority)
edge	edge:mir/builder/control_flow/joinir/route_entry/registry/execution_witness	src/mir/builder/control_flow/joinir/route_entry/registry/execution_witness.rs	-	-	-	-	-	-	-	-	-	-	-	-	-	-	mir::builder::control_flow::joinir::route_entry::registry::execution_witness	C2:retry-fallback	0	0	execution-witness	neutralize-first	M10b-I0-R0	loop_recipe_contract/generic_g0
edge	edge:mir/builder/control_flow/joinir/route_entry/registry/generic_accepted_plan_corpus_tests	src/mir/builder/control_flow/joinir/route_entry/registry/generic_accepted_plan_corpus_tests.rs	-	-	-	-	-	-	-	-	-	-	-	-	-	-	mir::builder::control_flow::joinir::route_entry::registry::generic_accepted_plan_corpus_tests	C2:generic-route-test	0	0	test-only	generic-only	GENERIC-LEGACY-DEAD-CODE-R1	generic_g0 parity evidence
edge	edge:mir/builder/control_flow/joinir/route_entry/registry/generic_accepted_plan_reachability_tests	src/mir/builder/control_flow/joinir/route_entry/registry/generic_accepted_plan_reachability_tests.rs	-	-	-	-	-	-	-	-	-	-	-	-	-	-	mir::builder::control_flow::joinir::route_entry::registry::generic_accepted_plan_reachability_tests	C2:generic-route-test	0	0	test-only	generic-only	GENERIC-LEGACY-DEAD-CODE-R1	generic_g0 parity evidence
edge	edge:mir/builder/control_flow/joinir/route_entry/registry/generic_nested_carrier_bindingref_tests	src/mir/builder/control_flow/joinir/route_entry/registry/generic_nested_carrier_bindingref_tests.rs	-	-	-	-	-	-	-	-	-	-	-	-	-	-	mir::builder::control_flow::joinir::route_entry::registry::generic_nested_carrier_bindingref_tests	C2:generic-route-test	0	0	test-only	generic-only	GENERIC-LEGACY-DEAD-CODE-R1	generic_g0 parity evidence
edge	edge:mir/builder/control_flow/joinir/route_entry/registry/generic_nested_carrier_winner_tests	src/mir/builder/control_flow/joinir/route_entry/registry/generic_nested_carrier_winner_tests.rs	-	-	-	-	-	-	-	-	-	-	-	-	-	-	mir::builder::control_flow::joinir::route_entry::registry::generic_nested_carrier_winner_tests	C2:generic-route-test	0	0	test-only	generic-only	GENERIC-LEGACY-DEAD-CODE-R1	generic_g0 parity evidence
edge	edge:mir/builder/control_flow/joinir/route_entry/registry/generic_nested_if_carrier_evidence_tests	src/mir/builder/control_flow/joinir/route_entry/registry/generic_nested_if_carrier_evidence_tests.rs	-	-	-	-	-	-	-	-	-	-	-	-	-	-	mir::builder::control_flow::joinir::route_entry::registry::generic_nested_if_carrier_evidence_tests	C2:generic-route-test	0	0	test-only	generic-only	GENERIC-LEGACY-DEAD-CODE-R1	generic_g0 parity evidence
edge	edge:mir/builder/control_flow/joinir/route_entry/registry/generic_resolved_carrier_both_norecursive_tests	src/mir/builder/control_flow/joinir/route_entry/registry/generic_resolved_carrier_both_norecursive_tests.rs	-	-	-	-	-	-	-	-	-	-	-	-	-	-	mir::builder::control_flow::joinir::route_entry::registry::generic_resolved_carrier_both_norecursive_tests	C2:generic-route-test	0	0	test-only	generic-only	GENERIC-LEGACY-DEAD-CODE-R1	generic_g0 parity evidence
edge	edge:mir/builder/control_flow/joinir/route_entry/registry/generic_resolved_carrier_candidate_stage_source_bridge_tests	src/mir/builder/control_flow/joinir/route_entry/registry/generic_resolved_carrier_candidate_stage_source_bridge_tests.rs	-	-	-	-	-	-	-	-	-	-	-	-	-	-	mir::builder::control_flow::joinir::route_entry::registry::generic_resolved_carrier_candidate_stage_source_bridge_tests	C2:generic-route-test	0	0	test-only	generic-only	GENERIC-LEGACY-DEAD-CODE-R1	generic_g0 parity evidence
edge	edge:mir/builder/control_flow/joinir/route_entry/registry/generic_resolved_carrier_canonical_matrix_tests	src/mir/builder/control_flow/joinir/route_entry/registry/generic_resolved_carrier_canonical_matrix_tests.rs	-	-	-	-	-	-	-	-	-	-	-	-	-	-	mir::builder::control_flow::joinir::route_entry::registry::generic_resolved_carrier_canonical_matrix_tests	C2:generic-route-test	0	0	test-only	generic-only	GENERIC-LEGACY-DEAD-CODE-R1	generic_g0 parity evidence
edge	edge:mir/builder/control_flow/joinir/route_entry/registry/generic_resolved_carrier_compound_unavailable_tests	src/mir/builder/control_flow/joinir/route_entry/registry/generic_resolved_carrier_compound_unavailable_tests.rs	-	-	-	-	-	-	-	-	-	-	-	-	-	-	mir::builder::control_flow::joinir::route_entry::registry::generic_resolved_carrier_compound_unavailable_tests	C2:generic-route-test	0	0	test-only	generic-only	GENERIC-LEGACY-DEAD-CODE-R1	generic_g0 parity evidence
edge	edge:mir/builder/control_flow/joinir/route_entry/registry/generic_resolved_carrier_eligibility_protocol_tests	src/mir/builder/control_flow/joinir/route_entry/registry/generic_resolved_carrier_eligibility_protocol_tests.rs	-	-	-	-	-	-	-	-	-	-	-	-	-	-	mir::builder::control_flow::joinir::route_entry::registry::generic_resolved_carrier_eligibility_protocol_tests	C2:generic-route-test	0	0	test-only	generic-only	GENERIC-LEGACY-DEAD-CODE-R1	generic_g0 parity evidence
edge	edge:mir/builder/control_flow/joinir/route_entry/registry/generic_resolved_carrier_facts_snapshot_tests	src/mir/builder/control_flow/joinir/route_entry/registry/generic_resolved_carrier_facts_snapshot_tests.rs	-	-	-	-	-	-	-	-	-	-	-	-	-	-	mir::builder::control_flow::joinir::route_entry::registry::generic_resolved_carrier_facts_snapshot_tests	C2:generic-route-test	0	0	test-only	generic-only	GENERIC-LEGACY-DEAD-CODE-R1	generic_g0 parity evidence
edge	edge:mir/builder/control_flow/joinir/route_entry/registry/generic_resolved_carrier_family_overlap_census_tests	src/mir/builder/control_flow/joinir/route_entry/registry/generic_resolved_carrier_family_overlap_census_tests.rs	-	-	-	-	-	-	-	-	-	-	-	-	-	-	mir::builder::control_flow::joinir::route_entry::registry::generic_resolved_carrier_family_overlap_census_tests	C2:generic-route-test	0	0	test-only	generic-only	GENERIC-LEGACY-DEAD-CODE-R1	generic_g0 parity evidence
edge	edge:mir/builder/control_flow/joinir/route_entry/registry/generic_resolved_carrier_handoff_protocol_tests	src/mir/builder/control_flow/joinir/route_entry/registry/generic_resolved_carrier_handoff_protocol_tests.rs	-	-	-	-	-	-	-	-	-	-	-	-	-	-	mir::builder::control_flow::joinir::route_entry::registry::generic_resolved_carrier_handoff_protocol_tests	C2:generic-route-test	0	0	test-only	generic-only	GENERIC-LEGACY-DEAD-CODE-R1	generic_g0 parity evidence
edge	edge:mir/builder/control_flow/joinir/route_entry/registry/generic_resolved_carrier_index_ambiguous_tests	src/mir/builder/control_flow/joinir/route_entry/registry/generic_resolved_carrier_index_ambiguous_tests.rs	-	-	-	-	-	-	-	-	-	-	-	-	-	-	mir::builder::control_flow::joinir::route_entry::registry::generic_resolved_carrier_index_ambiguous_tests	C2:generic-route-test	0	0	test-only	generic-only	GENERIC-LEGACY-DEAD-CODE-R1	generic_g0 parity evidence
edge	edge:mir/builder/control_flow/joinir/route_entry/registry/generic_resolved_carrier_planner_suppression_tests	src/mir/builder/control_flow/joinir/route_entry/registry/generic_resolved_carrier_planner_suppression_tests.rs	-	-	-	-	-	-	-	-	-	-	-	-	-	-	mir::builder::control_flow::joinir::route_entry::registry::generic_resolved_carrier_planner_suppression_tests	C2:generic-route-test	0	0	test-only	generic-only	GENERIC-LEGACY-DEAD-CODE-R1	generic_g0 parity evidence
edge	edge:mir/builder/control_flow/joinir/route_entry/registry/generic_resolved_carrier_projector_tests	src/mir/builder/control_flow/joinir/route_entry/registry/generic_resolved_carrier_projector_tests.rs	-	-	-	-	-	-	-	-	-	-	-	-	-	-	mir::builder::control_flow::joinir::route_entry::registry::generic_resolved_carrier_projector_tests	C2:generic-route-test	0	0	test-only	generic-only	GENERIC-LEGACY-DEAD-CODE-R1	generic_g0 parity evidence
edge	edge:mir/builder/control_flow/joinir/route_entry/registry/generic_resolved_carrier_provenance_observation_tests	src/mir/builder/control_flow/joinir/route_entry/registry/generic_resolved_carrier_provenance_observation_tests.rs	-	-	-	-	-	-	-	-	-	-	-	-	-	-	mir::builder::control_flow::joinir::route_entry::registry::generic_resolved_carrier_provenance_observation_tests	C2:generic-route-test	0	0	test-only	generic-only	GENERIC-LEGACY-DEAD-CODE-R1	generic_g0 parity evidence
edge	edge:mir/builder/control_flow/joinir/route_entry/registry/generic_resolved_carrier_provenance_product_tests	src/mir/builder/control_flow/joinir/route_entry/registry/generic_resolved_carrier_provenance_product_tests.rs	-	-	-	-	-	-	-	-	-	-	-	-	-	-	mir::builder::control_flow::joinir::route_entry::registry::generic_resolved_carrier_provenance_product_tests	C2:generic-route-test	0	0	test-only	generic-only	GENERIC-LEGACY-DEAD-CODE-R1	generic_g0 parity evidence
edge	edge:mir/builder/control_flow/joinir/route_entry/registry/generic_resolved_carrier_toplevel_compound_premise_tests	src/mir/builder/control_flow/joinir/route_entry/registry/generic_resolved_carrier_toplevel_compound_premise_tests.rs	-	-	-	-	-	-	-	-	-	-	-	-	-	-	mir::builder::control_flow::joinir::route_entry::registry::generic_resolved_carrier_toplevel_compound_premise_tests	C2:generic-route-test	0	0	test-only	generic-only	GENERIC-LEGACY-DEAD-CODE-R1	generic_g0 parity evidence
edge	edge:mir/builder/control_flow/joinir/route_entry/registry/generic_resolved_carrier_v1only_local_tests	src/mir/builder/control_flow/joinir/route_entry/registry/generic_resolved_carrier_v1only_local_tests.rs	-	-	-	-	-	-	-	-	-	-	-	-	-	-	mir::builder::control_flow::joinir::route_entry::registry::generic_resolved_carrier_v1only_local_tests	C2:generic-route-test	0	0	test-only	generic-only	GENERIC-LEGACY-DEAD-CODE-R1	generic_g0 parity evidence
edge	edge:mir/builder/control_flow/joinir/route_entry/registry/generic_selection_matrix_tests	src/mir/builder/control_flow/joinir/route_entry/registry/generic_selection_matrix_tests.rs	-	-	-	-	-	-	-	-	-	-	-	-	-	-	mir::builder::control_flow::joinir::route_entry::registry::generic_selection_matrix_tests	C2:generic-route-test	0	0	test-only	generic-only	GENERIC-LEGACY-DEAD-CODE-R1	generic_g0 parity evidence
edge	edge:mir/builder/control_flow/joinir/route_entry/registry/generic_semantic_digest_tests	src/mir/builder/control_flow/joinir/route_entry/registry/generic_semantic_digest_tests.rs	-	-	-	-	-	-	-	-	-	-	-	-	-	-	mir::builder::control_flow::joinir::route_entry::registry::generic_semantic_digest_tests	C2:generic-route-test	0	0	test-only	generic-only	GENERIC-LEGACY-DEAD-CODE-R1	generic_g0 parity evidence
edge	edge:mir/builder/control_flow/joinir/route_entry/registry/generic_stage_matrix_tests	src/mir/builder/control_flow/joinir/route_entry/registry/generic_stage_matrix_tests.rs	-	-	-	-	-	-	-	-	-	-	-	-	-	-	mir::builder::control_flow::joinir::route_entry::registry::generic_stage_matrix_tests	C2:generic-route-test	0	0	test-only	generic-only	GENERIC-LEGACY-DEAD-CODE-R1	generic_g0 parity evidence
edge	edge:mir/builder/control_flow/joinir/route_entry/registry/generic_stage_observer_tests	src/mir/builder/control_flow/joinir/route_entry/registry/generic_stage_observer_tests.rs	-	-	-	-	-	-	-	-	-	-	-	-	-	-	mir::builder::control_flow::joinir::route_entry::registry::generic_stage_observer_tests	C2:generic-route-test	0	0	test-only	generic-only	GENERIC-LEGACY-DEAD-CODE-R1	generic_g0 parity evidence
edge	edge:mir/builder/control_flow/joinir/route_entry/registry/handlers	src/mir/builder/control_flow/joinir/route_entry/registry/handlers.rs	-	-	-	-	-	-	-	-	-	-	-	-	-	-	mir::builder::control_flow::joinir::route_entry::registry::handlers	C2:shared-route-authority	0	0	route-selection	shared-retain	M10b-I0-R0	retained (ordered route authority)
edge	edge:mir/builder/control_flow/joinir/route_entry/registry/handlers/generic	src/mir/builder/control_flow/joinir/route_entry/registry/handlers/generic.rs	-	-	-	-	-	-	-	-	-	-	-	-	-	-	mir::builder::control_flow::joinir::route_entry::registry::handlers::generic	C2:generic-route-row	0	0	route-selection	generic-only	GENERIC-LEGACY-DEAD-CODE-R1	loop_route_policy/generic_g0
edge	edge:mir/builder/control_flow/joinir/route_entry/registry/handlers/routes	src/mir/builder/control_flow/joinir/route_entry/registry/handlers/routes.rs	-	-	-	-	-	-	-	-	-	-	-	-	-	-	mir::builder::control_flow::joinir::route_entry::registry::handlers::routes	C2:shared-route-authority	0	0	route-selection	shared-retain	retained	retained (ordered route authority)
edge	edge:mir/builder/control_flow/joinir/route_entry/registry/legacy_observer	src/mir/builder/control_flow/joinir/route_entry/registry/legacy_observer.rs	-	-	-	-	-	-	-	-	-	-	-	-	-	-	mir::builder::control_flow::joinir::route_entry::registry::legacy_observer	C2:legacy-route-observer	0	0	legacy-observation	shared-retain	M12	retained (route-generic observer)
edge	edge:mir/builder/control_flow/joinir/route_entry/registry/legacy_receipt	src/mir/builder/control_flow/joinir/route_entry/registry/legacy_receipt.rs	-	-	-	-	-	-	-	-	-	-	-	-	-	-	mir::builder::control_flow::joinir::route_entry::registry::legacy_receipt	C2:retry-fallback	0	0	legacy-receipt	neutralize-first	M10b-I0-R0	loop_recipe_contract/generic_g0
edge	edge:mir/builder/control_flow/joinir/route_entry/registry/live_ordered_terminality/all_route_preflight	src/mir/builder/control_flow/joinir/route_entry/registry/live_ordered_terminality/all_route_preflight.rs	-	-	-	-	-	-	-	-	-	-	-	-	-	-	mir::builder::control_flow::joinir::route_entry::registry::live_ordered_terminality::all_route_preflight	C2:shared-route-authority	0	0	route-selection	shared-retain	M10b-I0-R0	retained (ordered route authority)
edge	edge:mir/builder/control_flow/joinir/route_entry/registry/live_ordered_terminality/all_route_preflight/array_join_tests	src/mir/builder/control_flow/joinir/route_entry/registry/live_ordered_terminality/all_route_preflight/array_join_tests.rs	-	-	-	-	-	-	-	-	-	-	-	-	-	-	mir::builder::control_flow::joinir::route_entry::registry::live_ordered_terminality::all_route_preflight::array_join_tests	C2:shared-route-authority	0	0	test-only	shared-retain	retained	retained (ordered route authority)
edge	edge:mir/builder/control_flow/joinir/route_entry/registry/live_ordered_terminality/all_route_preflight/bool_predicate_scan	src/mir/builder/control_flow/joinir/route_entry/registry/live_ordered_terminality/all_route_preflight/bool_predicate_scan.rs	-	-	-	-	-	-	-	-	-	-	-	-	-	-	mir::builder::control_flow::joinir::route_entry::registry::live_ordered_terminality::all_route_preflight::bool_predicate_scan	C2:shared-route-authority	0	0	route-selection	shared-retain	retained	retained (ordered route authority)
edge	edge:mir/builder/control_flow/joinir/route_entry/registry/live_ordered_terminality/all_route_preflight/bool_predicate_scan_tests	src/mir/builder/control_flow/joinir/route_entry/registry/live_ordered_terminality/all_route_preflight/bool_predicate_scan_tests.rs	-	-	-	-	-	-	-	-	-	-	-	-	-	-	mir::builder::control_flow::joinir::route_entry::registry::live_ordered_terminality::all_route_preflight::bool_predicate_scan_tests	C2:shared-route-authority	0	0	test-only	shared-retain	retained	retained (ordered route authority)
edge	edge:mir/builder/control_flow/joinir/route_entry/registry/live_ordered_terminality/all_route_preflight/char_map_tests	src/mir/builder/control_flow/joinir/route_entry/registry/live_ordered_terminality/all_route_preflight/char_map_tests.rs	-	-	-	-	-	-	-	-	-	-	-	-	-	-	mir::builder::control_flow::joinir::route_entry::registry::live_ordered_terminality::all_route_preflight::char_map_tests	C2:shared-route-authority	0	0	test-only	shared-retain	retained	retained (ordered route authority)
edge	edge:mir/builder/control_flow/joinir/route_entry/registry/live_ordered_terminality/all_route_preflight/nested_loop_tests	src/mir/builder/control_flow/joinir/route_entry/registry/live_ordered_terminality/all_route_preflight/nested_loop_tests.rs	-	-	-	-	-	-	-	-	-	-	-	-	-	-	mir::builder::control_flow::joinir::route_entry::registry::live_ordered_terminality::all_route_preflight::nested_loop_tests	C2:shared-route-authority	0	0	test-only	shared-retain	retained	retained (ordered route authority)
edge	edge:mir/builder/control_flow/joinir/route_entry/registry/live_ordered_terminality/all_route_preflight/scan_with_init_tests	src/mir/builder/control_flow/joinir/route_entry/registry/live_ordered_terminality/all_route_preflight/scan_with_init_tests.rs	-	-	-	-	-	-	-	-	-	-	-	-	-	-	mir::builder::control_flow::joinir::route_entry::registry::live_ordered_terminality::all_route_preflight::scan_with_init_tests	C2:shared-route-authority	0	0	test-only	shared-retain	retained	retained (ordered route authority)
edge	edge:mir/builder/control_flow/joinir/route_entry/registry/live_ordered_terminality/all_route_preflight/split_scan	src/mir/builder/control_flow/joinir/route_entry/registry/live_ordered_terminality/all_route_preflight/split_scan.rs	-	-	-	-	-	-	-	-	-	-	-	-	-	-	mir::builder::control_flow::joinir::route_entry::registry::live_ordered_terminality::all_route_preflight::split_scan	C2:shared-route-authority	0	0	route-selection	shared-retain	retained	retained (ordered route authority)
edge	edge:mir/builder/control_flow/joinir/route_entry/registry/live_ordered_terminality/all_route_preflight/split_scan_tests	src/mir/builder/control_flow/joinir/route_entry/registry/live_ordered_terminality/all_route_preflight/split_scan_tests.rs	-	-	-	-	-	-	-	-	-	-	-	-	-	-	mir::builder::control_flow::joinir::route_entry::registry::live_ordered_terminality::all_route_preflight::split_scan_tests	C2:shared-route-authority	0	0	test-only	shared-retain	retained	retained (ordered route authority)
edge	edge:mir/builder/control_flow/joinir/route_entry/registry/live_ordered_terminality/all_route_preflight/tests	src/mir/builder/control_flow/joinir/route_entry/registry/live_ordered_terminality/all_route_preflight/tests.rs	-	-	-	-	-	-	-	-	-	-	-	-	-	-	mir::builder::control_flow::joinir::route_entry::registry::live_ordered_terminality::all_route_preflight::tests	C2:shared-route-authority	0	0	test-only	shared-retain	M10b-I0-R0	retained (ordered route authority)
edge	edge:mir/builder/control_flow/joinir/route_entry/registry/live_ordered_terminality/logical_product	src/mir/builder/control_flow/joinir/route_entry/registry/live_ordered_terminality/logical_product.rs	-	-	-	-	-	-	-	-	-	-	-	-	-	-	mir::builder::control_flow::joinir::route_entry::registry::live_ordered_terminality::logical_product	C2:shared-route-authority	0	0	route-selection	shared-retain	M10b-I0-R0	retained (ordered route authority)
edge	edge:mir/builder/control_flow/joinir/route_entry/registry/live_ordered_terminality/mod	src/mir/builder/control_flow/joinir/route_entry/registry/live_ordered_terminality/mod.rs	-	-	-	-	-	-	-	-	-	-	-	-	-	-	mir::builder::control_flow::joinir::route_entry::registry::live_ordered_terminality	C2:shared-route-authority	1	0	module-decl	shared-retain	retained	retained (ordered route authority)
edge	edge:mir/builder/control_flow/joinir/route_entry/registry/live_ordered_terminality/transaction	src/mir/builder/control_flow/joinir/route_entry/registry/live_ordered_terminality/transaction.rs	-	-	-	-	-	-	-	-	-	-	-	-	-	-	mir::builder::control_flow::joinir::route_entry::registry::live_ordered_terminality::transaction	C2:shared-route-authority	0	0	route-selection	shared-retain	M10b-I0-R0	retained (ordered route authority)
edge	edge:mir/builder/control_flow/joinir/route_entry/registry/live_preflight_frame	src/mir/builder/control_flow/joinir/route_entry/registry/live_preflight_frame.rs	-	-	-	-	-	-	-	-	-	-	-	-	-	-	mir::builder::control_flow::joinir::route_entry::registry::live_preflight_frame	C2:shared-route-authority	0	0	route-selection	shared-retain	retained	retained (ordered route authority)
edge	edge:mir/builder/control_flow/joinir/route_entry/registry/loop_preflight	src/mir/builder/control_flow/joinir/route_entry/registry/loop_preflight.rs	-	-	-	-	-	-	-	-	-	-	-	-	-	-	mir::builder::control_flow::joinir::route_entry::registry::loop_preflight	C2:shared-route-authority	0	0	route-selection	shared-retain	M10b-I0-R0	retained (ordered route authority)
edge	edge:mir/builder/control_flow/joinir/route_entry/registry/mod	src/mir/builder/control_flow/joinir/route_entry/registry/mod.rs	-	-	-	-	-	-	-	-	-	-	-	-	-	-	mir::builder::control_flow::joinir::route_entry::registry	C2:shared-route-authority	174	27	module-decl	shared-retain	M10b-I0-R0	retained (ordered route authority)
edge	edge:mir/builder/control_flow/joinir/route_entry/registry/nested_effective_winner_tests	src/mir/builder/control_flow/joinir/route_entry/registry/nested_effective_winner_tests.rs	-	-	-	-	-	-	-	-	-	-	-	-	-	-	mir::builder::control_flow::joinir::route_entry::registry::nested_effective_winner_tests	C2:shared-route-authority	0	0	test-only	shared-retain	retained	retained (ordered route authority)
edge	edge:mir/builder/control_flow/joinir/route_entry/registry/predicates	src/mir/builder/control_flow/joinir/route_entry/registry/predicates.rs	-	-	-	-	-	-	-	-	-	-	-	-	-	-	mir::builder::control_flow::joinir::route_entry::registry::predicates	C2:shared-route-authority	0	0	route-selection	shared-retain	M10b-I0-R0	retained (ordered route authority)
edge	edge:mir/builder/control_flow/joinir/route_entry/registry/scoped_nongeneric_cutover_tests	src/mir/builder/control_flow/joinir/route_entry/registry/scoped_nongeneric_cutover_tests.rs	-	-	-	-	-	-	-	-	-	-	-	-	-	-	mir::builder::control_flow::joinir::route_entry::registry::scoped_nongeneric_cutover_tests	C2:shared-route-authority	0	0	test-only	shared-retain	M10b-I0-R0	retained (ordered route authority)
edge	edge:mir/builder/control_flow/joinir/route_entry/registry/selection	src/mir/builder/control_flow/joinir/route_entry/registry/selection.rs	-	-	-	-	-	-	-	-	-	-	-	-	-	-	mir::builder::control_flow::joinir::route_entry::registry::selection	C2:shared-route-authority	0	0	route-selection	shared-retain	M10b-I0-R0	retained (ordered route authority)
edge	edge:mir/builder/control_flow/joinir/route_entry/registry/types	src/mir/builder/control_flow/joinir/route_entry/registry/types.rs	-	-	-	-	-	-	-	-	-	-	-	-	-	-	mir::builder::control_flow::joinir::route_entry::registry::types	C2:shared-route-authority	0	0	route-selection	shared-retain	M10b-I0-R0	retained (ordered route authority)
edge	edge:mir/builder/control_flow/joinir/route_entry/registry/utils	src/mir/builder/control_flow/joinir/route_entry/registry/utils.rs	-	-	-	-	-	-	-	-	-	-	-	-	-	-	mir::builder::control_flow::joinir::route_entry::registry::utils	C2:shared-route-authority	0	0	route-selection	shared-retain	retained	retained (ordered route authority)
edge	edge:mir/builder/control_flow/plan/features/generic_loop_body/branch	src/mir/builder/control_flow/plan/features/generic_loop_body/branch.rs	-	-	-	-	-	-	-	-	-	-	-	-	-	-	mir::builder::control_flow::plan::features::generic_loop_body::branch	C3:mutating-composer-lowerer	0	0	builder-mutation	generic-only	GENERIC-LEGACY-DEAD-CODE-R1	loop_recipe_contract/generic_g0
edge	edge:mir/builder/control_flow/plan/features/generic_loop_body/carrier_orchestration	src/mir/builder/control_flow/plan/features/generic_loop_body/carrier_orchestration.rs	-	-	-	-	-	-	-	-	-	-	-	-	-	-	mir::builder::control_flow::plan::features::generic_loop_body::carrier_orchestration	C3:mutating-composer-lowerer	0	0	builder-mutation	generic-only	GENERIC-LEGACY-DEAD-CODE-R1	loop_recipe_contract/generic_g0
edge	edge:mir/builder/control_flow/plan/features/generic_loop_body/carriers	src/mir/builder/control_flow/plan/features/generic_loop_body/carriers.rs	-	-	-	-	-	-	-	-	-	-	-	-	-	-	mir::builder::control_flow::plan::features::generic_loop_body::carriers	C3:mutating-composer-lowerer	0	0	builder-mutation	generic-only	GENERIC-LEGACY-DEAD-CODE-R1	loop_recipe_contract/generic_g0
edge	edge:mir/builder/control_flow/plan/features/generic_loop_body/cleanup	src/mir/builder/control_flow/plan/features/generic_loop_body/cleanup.rs	-	-	-	-	-	-	-	-	-	-	-	-	-	-	mir::builder::control_flow::plan::features::generic_loop_body::cleanup	C3:mutating-composer-lowerer	0	0	builder-mutation	generic-only	GENERIC-LEGACY-DEAD-CODE-R1	loop_recipe_contract/generic_g0
edge	edge:mir/builder/control_flow/plan/features/generic_loop_body/direct_associated	src/mir/builder/control_flow/plan/features/generic_loop_body/direct_associated.rs	-	-	-	-	-	-	-	-	-	-	-	-	-	-	mir::builder::control_flow::plan::features::generic_loop_body::direct_associated	C3:mutating-composer-lowerer	0	0	builder-mutation	generic-only	GENERIC-LEGACY-DEAD-CODE-R1	loop_recipe_contract/generic_g0
edge	edge:mir/builder/control_flow/plan/features/generic_loop_body/direct_associated_tests	src/mir/builder/control_flow/plan/features/generic_loop_body/direct_associated_tests.rs	-	-	-	-	-	-	-	-	-	-	-	-	-	-	mir::builder::control_flow::plan::features::generic_loop_body::direct_associated_tests	C3:mutating-composer-lowerer	0	0	test-only	generic-only	GENERIC-LEGACY-DEAD-CODE-R1	generic_g0 parity evidence
edge	edge:mir/builder/control_flow/plan/features/generic_loop_body/direct_port	src/mir/builder/control_flow/plan/features/generic_loop_body/direct_port.rs	-	-	-	-	-	-	-	-	-	-	-	-	-	-	mir::builder::control_flow::plan::features::generic_loop_body::direct_port	C3:mutating-composer-lowerer	0	0	builder-mutation	generic-only	GENERIC-LEGACY-DEAD-CODE-R1	loop_recipe_contract/generic_g0
edge	edge:mir/builder/control_flow/plan/features/generic_loop_body/helpers	src/mir/builder/control_flow/plan/features/generic_loop_body/helpers.rs	-	-	-	-	-	-	-	-	-	-	-	-	-	-	mir::builder::control_flow::plan::features::generic_loop_body::helpers	C3:mutating-composer-lowerer	0	0	builder-mutation	generic-only	GENERIC-LEGACY-DEAD-CODE-R1	loop_recipe_contract/generic_g0
edge	edge:mir/builder/control_flow/plan/features/generic_loop_body/keyed_carrier_tests	src/mir/builder/control_flow/plan/features/generic_loop_body/keyed_carrier_tests.rs	-	-	-	-	-	-	-	-	-	-	-	-	-	-	mir::builder::control_flow::plan::features::generic_loop_body::keyed_carrier_tests	C3:mutating-composer-lowerer	0	0	test-only	generic-only	GENERIC-LEGACY-DEAD-CODE-R1	generic_g0 parity evidence
edge	edge:mir/builder/control_flow/plan/features/generic_loop_body/mod	src/mir/builder/control_flow/plan/features/generic_loop_body/mod.rs	-	-	-	-	-	-	-	-	-	-	-	-	-	-	mir::builder::control_flow::plan::features::generic_loop_body	C3:mutating-composer-lowerer	2	0	module-decl	neutralize-first	M10b-I0-R0	loop_recipe_contract/generic_g0
edge	edge:mir/builder/control_flow/plan/features/generic_loop_body/nested_depth_observer_tests	src/mir/builder/control_flow/plan/features/generic_loop_body/nested_depth_observer_tests.rs	-	-	-	-	-	-	-	-	-	-	-	-	-	-	mir::builder::control_flow::plan::features::generic_loop_body::nested_depth_observer_tests	C3:mutating-composer-lowerer	0	0	test-only	generic-only	GENERIC-LEGACY-DEAD-CODE-R1	generic_g0 parity evidence
edge	edge:mir/builder/control_flow/plan/features/generic_loop_body/nested_loop_depth1_handoff	src/mir/builder/control_flow/plan/features/generic_loop_body/nested_loop_depth1_handoff.rs	-	-	-	-	-	-	-	-	-	-	-	-	-	-	mir::builder::control_flow::plan::features::generic_loop_body::nested_loop_depth1_handoff	C4:nested-mutation-bypass	0	0	builder-mutation	generic-only	GENERIC-LEGACY-DEAD-CODE-R1	loop_recipe_contract/generic_g0
edge	edge:mir/builder/control_flow/plan/features/generic_loop_body/nested_loop_recipe_adoption	src/mir/builder/control_flow/plan/features/generic_loop_body/nested_loop_recipe_adoption.rs	-	-	-	-	-	-	-	-	-	-	-	-	-	-	mir::builder::control_flow::plan::features::generic_loop_body::nested_loop_recipe_adoption	C3:mutating-composer-lowerer	0	0	builder-mutation	generic-only	GENERIC-LEGACY-DEAD-CODE-R1	loop_recipe_contract/generic_g0
edge	edge:mir/builder/control_flow/plan/features/generic_loop_body/nested_loop_reject_tail	src/mir/builder/control_flow/plan/features/generic_loop_body/nested_loop_reject_tail.rs	-	-	-	-	-	-	-	-	-	-	-	-	-	-	mir::builder::control_flow::plan::features::generic_loop_body::nested_loop_reject_tail	C3:mutating-composer-lowerer	0	0	builder-mutation	generic-only	GENERIC-LEGACY-DEAD-CODE-R1	loop_recipe_contract/generic_g0
edge	edge:mir/builder/control_flow/plan/features/generic_loop_body/terminality	src/mir/builder/control_flow/plan/features/generic_loop_body/terminality.rs	-	-	-	-	-	-	-	-	-	-	-	-	-	-	mir::builder::control_flow::plan::features::generic_loop_body::terminality	C3:mutating-composer-lowerer	0	0	builder-mutation	generic-only	GENERIC-LEGACY-DEAD-CODE-R1	loop_recipe_contract/generic_g0
edge	edge:mir/builder/control_flow/plan/features/generic_loop_body/v0	src/mir/builder/control_flow/plan/features/generic_loop_body/v0.rs	-	-	-	-	-	-	-	-	-	-	-	-	-	-	mir::builder::control_flow::plan::features::generic_loop_body::v0	C3:mutating-composer-lowerer	0	0	builder-mutation	generic-only	GENERIC-LEGACY-DEAD-CODE-R1	loop_recipe_contract/generic_g0
edge	edge:mir/builder/control_flow/plan/features/generic_loop_body/v1	src/mir/builder/control_flow/plan/features/generic_loop_body/v1.rs	-	-	-	-	-	-	-	-	-	-	-	-	-	-	mir::builder::control_flow::plan::features::generic_loop_body::v1	C3:mutating-composer-lowerer	0	0	builder-mutation	generic-only	GENERIC-LEGACY-DEAD-CODE-R1	loop_recipe_contract/generic_g0
edge	edge:mir/builder/control_flow/plan/features/generic_loop_context	src/mir/builder/control_flow/plan/features/generic_loop_context.rs	-	-	-	-	-	-	-	-	-	-	-	-	-	-	mir::builder::control_flow::plan::features::generic_loop_context	C3:mutating-composer-lowerer	3	1	builder-mutation	neutralize-first	M10b-I0-R0	loop_recipe_contract/generic_g0
edge	edge:mir/builder/control_flow/plan/features/generic_loop_handoff	src/mir/builder/control_flow/plan/features/generic_loop_handoff.rs	-	-	-	-	-	-	-	-	-	-	-	-	-	-	mir::builder::control_flow::plan::features::generic_loop_handoff	C3:mutating-composer-lowerer	1	0	builder-mutation	neutralize-first	M10b-I0-R0	loop_recipe_contract/generic_g0
edge	edge:mir/builder/control_flow/plan/features/generic_loop_located_composer	src/mir/builder/control_flow/plan/features/generic_loop_located_composer.rs	-	-	-	-	-	-	-	-	-	-	-	-	-	-	mir::builder::control_flow::plan::features::generic_loop_located_composer	C3:mutating-composer-lowerer	1	0	builder-mutation	neutralize-first	M10b-I0-R0	loop_recipe_contract/generic_g0
edge	edge:mir/builder/control_flow/plan/features/generic_loop_located_composer_tests	src/mir/builder/control_flow/plan/features/generic_loop_located_composer_tests.rs	-	-	-	-	-	-	-	-	-	-	-	-	-	-	mir::builder::control_flow::plan::features::generic_loop_located_composer_tests	C3:mutating-composer-lowerer	0	0	test-only	generic-only	GENERIC-LEGACY-DEAD-CODE-R1	generic_g0 parity evidence
edge	edge:mir/builder/control_flow/plan/features/generic_loop_p0c_tests	src/mir/builder/control_flow/plan/features/generic_loop_p0c_tests.rs	-	-	-	-	-	-	-	-	-	-	-	-	-	-	mir::builder::control_flow::plan::features::generic_loop_p0c_tests	C3:mutating-composer-lowerer	1	0	test-only	neutralize-first	M10b-I0-R0	generic_g0 parity evidence
edge	edge:mir/builder/control_flow/plan/features/generic_loop_pipeline	src/mir/builder/control_flow/plan/features/generic_loop_pipeline.rs	-	-	-	-	-	-	-	-	-	-	-	-	-	-	mir::builder::control_flow::plan::features::generic_loop_pipeline	C3:mutating-composer-lowerer	1	0	builder-mutation	neutralize-first	M10b-I0-R0	loop_recipe_contract/generic_g0
edge	edge:mir/builder/control_flow/plan/features/generic_loop_step	src/mir/builder/control_flow/plan/features/generic_loop_step.rs	-	-	-	-	-	-	-	-	-	-	-	-	-	-	mir::builder::control_flow::plan::features::generic_loop_step	C3:mutating-composer-lowerer	1	0	builder-mutation	neutralize-first	M10b-I0-R0	loop_recipe_contract/generic_g0
edge	edge:mir/builder/control_flow/plan/features/generic_loop_whole_parity_tests	src/mir/builder/control_flow/plan/features/generic_loop_whole_parity_tests.rs	-	-	-	-	-	-	-	-	-	-	-	-	-	-	mir::builder::control_flow::plan::features::generic_loop_whole_parity_tests	C3:mutating-composer-lowerer	1	0	test-only	neutralize-first	M10b-I0-R0	generic_g0 parity evidence
edge	edge:mir/builder/control_flow/plan/features/nested_loop_depth1	src/mir/builder/control_flow/plan/features/nested_loop_depth1.rs	-	-	-	-	-	-	-	-	-	-	-	-	-	-	mir::builder::control_flow::plan::features::nested_loop_depth1	C4:nested-mutation-bypass	8	0	builder-mutation	neutralize-first	M10b-I0-R0	loop_recipe_contract/generic_g0
edge	edge:mir/builder/control_flow/plan/features/nested_loop_depth1_preheader	src/mir/builder/control_flow/plan/features/nested_loop_depth1_preheader.rs	-	-	-	-	-	-	-	-	-	-	-	-	-	-	mir::builder::control_flow::plan::features::nested_loop_depth1_preheader	C4:nested-mutation-bypass	3	0	builder-mutation	neutralize-first	M10b-I0-R0	loop_recipe_contract/generic_g0
edge	edge:mir/builder/control_flow/plan/features/nested_loop_depth1_route	src/mir/builder/control_flow/plan/features/nested_loop_depth1_route.rs	-	-	-	-	-	-	-	-	-	-	-	-	-	-	mir::builder::control_flow::plan::features::nested_loop_depth1_route	C4:nested-mutation-bypass	1	0	builder-mutation	neutralize-first	M10b-I0-R0	loop_recipe_contract/generic_g0
edge	edge:mir/builder/control_flow/plan/nested_loop_depth1/facts	src/mir/builder/control_flow/plan/nested_loop_depth1/facts.rs	-	-	-	-	-	-	-	-	-	-	-	-	-	-	mir::builder::control_flow::plan::nested_loop_depth1::facts	C4:nested-mutation-bypass	1	0	builder-mutation	neutralize-first	M10b-I0-R0	loop_structural_facts/generic_g0
edge	edge:mir/builder/control_flow/plan/nested_loop_depth1/facts_helpers	src/mir/builder/control_flow/plan/nested_loop_depth1/facts_helpers.rs	-	-	-	-	-	-	-	-	-	-	-	-	-	-	mir::builder::control_flow::plan::nested_loop_depth1::facts_helpers	C4:nested-mutation-bypass	0	0	builder-mutation	generic-only	GENERIC-LEGACY-DEAD-CODE-R1	loop_structural_facts/generic_g0
edge	edge:mir/builder/control_flow/plan/nested_loop_depth1/facts_types	src/mir/builder/control_flow/plan/nested_loop_depth1/facts_types.rs	-	-	-	-	-	-	-	-	-	-	-	-	-	-	mir::builder::control_flow::plan::nested_loop_depth1::facts_types	C4:nested-mutation-bypass	0	0	builder-mutation	generic-only	GENERIC-LEGACY-DEAD-CODE-R1	loop_structural_facts/generic_g0
edge	edge:mir/builder/control_flow/plan/nested_loop_depth1/mod	src/mir/builder/control_flow/plan/nested_loop_depth1/mod.rs	-	-	-	-	-	-	-	-	-	-	-	-	-	-	mir::builder::control_flow::plan::nested_loop_depth1	C4:nested-mutation-bypass	10	0	module-decl	neutralize-first	M10b-I0-R0	loop_recipe_contract/generic_g0
edge	edge:mir/builder/control_flow/plan/nested_loop_depth1/normalizer	src/mir/builder/control_flow/plan/nested_loop_depth1/normalizer.rs	-	-	-	-	-	-	-	-	-	-	-	-	-	-	mir::builder::control_flow::plan::nested_loop_depth1::normalizer	C4:nested-mutation-bypass	0	0	builder-mutation	generic-only	GENERIC-LEGACY-DEAD-CODE-R1	loop_recipe_contract/generic_g0
edge	edge:mir/builder/control_flow/plan/recipe_tree/generic_loop_composer	src/mir/builder/control_flow/plan/recipe_tree/generic_loop_composer.rs	-	-	-	-	-	-	-	-	-	-	-	-	-	-	mir::builder::control_flow::plan::recipe_tree::generic_loop_composer	C3:mutating-composer-lowerer	1	0	builder-mutation	neutralize-first	M10b-I0-R0	loop_recipe_contract/generic_g0
edge	edge:mir/builder/control_flow/plan/skeletons/generic_loop	src/mir/builder/control_flow/plan/skeletons/generic_loop.rs	-	-	-	-	-	-	-	-	-	-	-	-	-	-	mir::builder::control_flow::plan::skeletons::generic_loop	C3:mutating-composer-lowerer	1	0	builder-mutation	neutralize-first	M10b-I0-R0	loop_recipe_contract/generic_g0
edge	edge:mir/loop_structural_facts/generic_resolved_carrier_facts_snapshot	src/mir/loop_structural_facts/generic_resolved_carrier_facts_snapshot.rs	-	-	-	-	-	-	-	-	-	-	-	-	-	-	mir::loop_structural_facts::generic_resolved_carrier_facts_snapshot	C5:test-only-source-evidence	0	1	test-only	migrate-fixtures-then-retire	GENERIC-LEGACY-DEAD-CODE-R1	generic_g0 parity evidence
edge	edge:mir/resolved_semantics/generic_resolved_carrier_provenance	src/mir/resolved_semantics/generic_resolved_carrier_provenance.rs	-	-	-	-	-	-	-	-	-	-	-	-	-	-	mir::resolved_semantics::generic_resolved_carrier_provenance	C5:test-only-source-evidence	0	1	test-only	migrate-fixtures-then-retire	GENERIC-LEGACY-DEAD-CODE-R1	generic_g0 parity evidence
edge	edge:mir/resolved_semantics/generic_resolved_carrier_source_lease_tests	src/mir/resolved_semantics/generic_resolved_carrier_source_lease_tests.rs	-	-	-	-	-	-	-	-	-	-	-	-	-	-	mir::resolved_semantics::generic_resolved_carrier_source_lease_tests	C5:test-only-source-evidence	0	2	test-only	migrate-fixtures-then-retire	GENERIC-LEGACY-DEAD-CODE-R1	generic_g0 parity evidence
edge	edge:mir/resolved_semantics/generic_resolved_carrier_source_lease_tail_tests	src/mir/resolved_semantics/generic_resolved_carrier_source_lease_tail_tests.rs	-	-	-	-	-	-	-	-	-	-	-	-	-	-	mir::resolved_semantics::generic_resolved_carrier_source_lease_tail_tests	C5:test-only-source-evidence	0	0	test-only	migrate-fixtures-then-retire	GENERIC-LEGACY-DEAD-CODE-R1	generic_g0 parity evidence
edge	edge:mir/resolved_semantics/generic_resolved_carrier_source_lease/candidate_envelope_witness	src/mir/resolved_semantics/generic_resolved_carrier_source_lease/candidate_envelope_witness.rs	-	-	-	-	-	-	-	-	-	-	-	-	-	-	mir::resolved_semantics::generic_resolved_carrier_source_lease::candidate_envelope_witness	C5:test-only-source-evidence	0	0	test-only	migrate-fixtures-then-retire	GENERIC-LEGACY-DEAD-CODE-R1	generic_g0 parity evidence
edge	edge:mir/resolved_semantics/generic_resolved_carrier_source_lease/carrier_proof_witness	src/mir/resolved_semantics/generic_resolved_carrier_source_lease/carrier_proof_witness.rs	-	-	-	-	-	-	-	-	-	-	-	-	-	-	mir::resolved_semantics::generic_resolved_carrier_source_lease::carrier_proof_witness	C5:test-only-source-evidence	0	0	test-only	migrate-fixtures-then-retire	GENERIC-LEGACY-DEAD-CODE-R1	generic_g0 parity evidence
edge	edge:mir/resolved_semantics/generic_resolved_carrier_source_lease/numeric_policy_projection_v6	src/mir/resolved_semantics/generic_resolved_carrier_source_lease/numeric_policy_projection_v6.rs	-	-	-	-	-	-	-	-	-	-	-	-	-	-	mir::resolved_semantics::generic_resolved_carrier_source_lease::numeric_policy_projection_v6	C5:test-only-source-evidence	0	0	test-only	migrate-fixtures-then-retire	GENERIC-LEGACY-DEAD-CODE-R1	generic_g0 parity evidence
edge	edge:mir/resolved_semantics/generic_resolved_carrier_source_lease/numeric_source_receipt_v4	src/mir/resolved_semantics/generic_resolved_carrier_source_lease/numeric_source_receipt_v4.rs	-	-	-	-	-	-	-	-	-	-	-	-	-	-	mir::resolved_semantics::generic_resolved_carrier_source_lease::numeric_source_receipt_v4	C5:test-only-source-evidence	0	0	test-only	migrate-fixtures-then-retire	GENERIC-LEGACY-DEAD-CODE-R1	generic_g0 parity evidence
edge	edge:mir/resolved_semantics/generic_resolved_carrier_source_lease/numeric_substrate_projection_v5	src/mir/resolved_semantics/generic_resolved_carrier_source_lease/numeric_substrate_projection_v5.rs	-	-	-	-	-	-	-	-	-	-	-	-	-	-	mir::resolved_semantics::generic_resolved_carrier_source_lease::numeric_substrate_projection_v5	C5:test-only-source-evidence	0	0	test-only	migrate-fixtures-then-retire	GENERIC-LEGACY-DEAD-CODE-R1	generic_g0 parity evidence
edge	edge:mir/resolved_semantics/generic_resolved_carrier_source_lease/shape_source_lease_v2	src/mir/resolved_semantics/generic_resolved_carrier_source_lease/shape_source_lease_v2.rs	-	-	-	-	-	-	-	-	-	-	-	-	-	-	mir::resolved_semantics::generic_resolved_carrier_source_lease::shape_source_lease_v2	C5:test-only-source-evidence	0	0	test-only	migrate-fixtures-then-retire	GENERIC-LEGACY-DEAD-CODE-R1	generic_g0 parity evidence
edge	edge:mir/resolved_semantics/generic_resolved_carrier_source_lease/shape_syntax_facts_v3	src/mir/resolved_semantics/generic_resolved_carrier_source_lease/shape_syntax_facts_v3.rs	-	-	-	-	-	-	-	-	-	-	-	-	-	-	mir::resolved_semantics::generic_resolved_carrier_source_lease::shape_syntax_facts_v3	C5:test-only-source-evidence	0	0	test-only	migrate-fixtures-then-retire	GENERIC-LEGACY-DEAD-CODE-R1	generic_g0 parity evidence
edge	edge:mir/builder/control_flow/plan/loop_accum_physicalizer	src/mir/builder/control_flow/plan/loop_accum_physicalizer.rs	-	-	-	-	-	-	-	-	-	-	-	-	-	-	mir::builder::control_flow::plan::loop_accum_physicalizer	C6:physicalizer	4	2	shared-infrastructure	shared-retain	retained	retained (non-Generic physicalizer)
edge	edge:mir/builder/control_flow/plan/loop_accum_physicalizer/session	src/mir/builder/control_flow/plan/loop_accum_physicalizer/session.rs	-	-	-	-	-	-	-	-	-	-	-	-	-	-	mir::builder::control_flow::plan::loop_accum_physicalizer::session	C6:physicalizer	1	0	shared-infrastructure	shared-retain	retained	retained (non-Generic physicalizer)
edge	edge:mir/builder/control_flow/plan/loop_accum_physicalizer_tests	src/mir/builder/control_flow/plan/loop_accum_physicalizer_tests.rs	-	-	-	-	-	-	-	-	-	-	-	-	-	-	mir::builder::control_flow::plan::loop_accum_physicalizer_tests	C6:physicalizer	1	0	test-only	shared-retain	retained	retained (non-Generic physicalizer)
edge	edge:mir/builder/control_flow/plan/parts/associated_source	src/mir/builder/control_flow/plan/parts/associated_source.rs	-	-	-	-	-	-	-	-	-	-	-	-	-	-	mir::builder::control_flow::plan::parts::associated_source	C6:located-handoff	3	1	shared-infrastructure	shared-retain	M11-R1	located source handoff (M11)
edge	edge:mir/builder/control_flow/plan/parts/associated_source/block_driver	src/mir/builder/control_flow/plan/parts/associated_source/block_driver.rs	-	-	-	-	-	-	-	-	-	-	-	-	-	-	mir::builder::control_flow::plan::parts::associated_source::block_driver	C6:located-handoff	2	0	shared-infrastructure	shared-retain	M11-R1	located source handoff (M11)
edge	edge:mir/builder/control_flow/plan/parts/associated_source/callable_loop_source	src/mir/builder/control_flow/plan/parts/associated_source/callable_loop_source.rs	-	-	-	-	-	-	-	-	-	-	-	-	-	-	mir::builder::control_flow::plan::parts::associated_source::callable_loop_source	C6:located-handoff	2	0	shared-infrastructure	shared-retain	M11-R1	located source handoff (M11)
edge	edge:mir/builder/control_flow/plan/parts/associated_source/callable_loop_source_driver_tests	src/mir/builder/control_flow/plan/parts/associated_source/callable_loop_source_driver_tests.rs	-	-	-	-	-	-	-	-	-	-	-	-	-	-	mir::builder::control_flow::plan::parts::associated_source::callable_loop_source_driver_tests	C6:located-handoff	1	0	test-only	shared-retain	M11-R1	located source handoff (M11)
edge	edge:mir/builder/control_flow/plan/parts/associated_source/callable_loop_source_items	src/mir/builder/control_flow/plan/parts/associated_source/callable_loop_source_items.rs	-	-	-	-	-	-	-	-	-	-	-	-	-	-	mir::builder::control_flow::plan::parts::associated_source::callable_loop_source_items	C6:located-handoff	2	0	shared-infrastructure	shared-retain	M11-R1	located source handoff (M11)
edge	edge:mir/builder/control_flow/plan/parts/associated_source/callable_loop_source_items_tests	src/mir/builder/control_flow/plan/parts/associated_source/callable_loop_source_items_tests.rs	-	-	-	-	-	-	-	-	-	-	-	-	-	-	mir::builder::control_flow::plan::parts::associated_source::callable_loop_source_items_tests	C6:located-handoff	1	0	test-only	shared-retain	M11-R1	located source handoff (M11)
edge	edge:mir/builder/control_flow/plan/parts/associated_source/callable_loop_source_lowering	src/mir/builder/control_flow/plan/parts/associated_source/callable_loop_source_lowering.rs	-	-	-	-	-	-	-	-	-	-	-	-	-	-	mir::builder::control_flow::plan::parts::associated_source::callable_loop_source_lowering	C6:located-handoff	2	0	shared-infrastructure	shared-retain	M11-R1	located source handoff (M11)
edge	edge:mir/builder/control_flow/plan/parts/associated_source/callable_loop_source_testkit	src/mir/builder/control_flow/plan/parts/associated_source/callable_loop_source_testkit.rs	-	-	-	-	-	-	-	-	-	-	-	-	-	-	mir::builder::control_flow::plan::parts::associated_source::callable_loop_source_testkit	C6:located-handoff	1	0	test-only	shared-retain	M11-R1	located source handoff (M11)
edge	edge:mir/builder/control_flow/plan/parts/associated_source/callable_loop_source_tests	src/mir/builder/control_flow/plan/parts/associated_source/callable_loop_source_tests.rs	-	-	-	-	-	-	-	-	-	-	-	-	-	-	mir::builder::control_flow::plan::parts::associated_source::callable_loop_source_tests	C6:located-handoff	1	0	test-only	shared-retain	M11-R1	located source handoff (M11)
edge	edge:mir/builder/control_flow/plan/parts/associated_source/direct_if	src/mir/builder/control_flow/plan/parts/associated_source/direct_if.rs	-	-	-	-	-	-	-	-	-	-	-	-	-	-	mir::builder::control_flow::plan::parts::associated_source::direct_if	C6:located-handoff	2	0	shared-infrastructure	shared-retain	M11-R1	located source handoff (M11)
edge	edge:mir/builder/control_flow/plan/parts/associated_source/dispatch	src/mir/builder/control_flow/plan/parts/associated_source/dispatch.rs	-	-	-	-	-	-	-	-	-	-	-	-	-	-	mir::builder::control_flow::plan::parts::associated_source::dispatch	C6:located-handoff	3	0	shared-infrastructure	shared-retain	M11-R1	located source handoff (M11)
edge	edge:mir/builder/control_flow/plan/parts/associated_source/dispatch_tests	src/mir/builder/control_flow/plan/parts/associated_source/dispatch_tests.rs	-	-	-	-	-	-	-	-	-	-	-	-	-	-	mir::builder::control_flow::plan::parts::associated_source::dispatch_tests	C6:located-handoff	1	0	test-only	shared-retain	M11-R1	located source handoff (M11)
edge	edge:mir/builder/control_flow/plan/parts/associated_source/located_hook_tests	src/mir/builder/control_flow/plan/parts/associated_source/located_hook_tests.rs	-	-	-	-	-	-	-	-	-	-	-	-	-	-	mir::builder::control_flow::plan::parts::associated_source::located_hook_tests	C6:located-handoff	1	0	test-only	shared-retain	M11-R1	located source handoff (M11)
edge	edge:mir/builder/control_flow/plan/parts/associated_source/located_lowering	src/mir/builder/control_flow/plan/parts/associated_source/located_lowering.rs	-	-	-	-	-	-	-	-	-	-	-	-	-	-	mir::builder::control_flow::plan::parts::associated_source::located_lowering	C6:located-handoff	2	0	shared-infrastructure	shared-retain	M11-R1	located source handoff (M11)
edge	edge:mir/builder/control_flow/plan/parts/associated_source/located_parity_effect_snapshot_tests	src/mir/builder/control_flow/plan/parts/associated_source/located_parity_effect_snapshot_tests.rs	-	-	-	-	-	-	-	-	-	-	-	-	-	-	mir::builder::control_flow::plan::parts::associated_source::located_parity_effect_snapshot_tests	C6:located-handoff	0	0	test-only	shared-retain	M11-R1	located source handoff (M11)
edge	edge:mir/builder/control_flow/plan/parts/associated_source/located_parity_tests	src/mir/builder/control_flow/plan/parts/associated_source/located_parity_tests.rs	-	-	-	-	-	-	-	-	-	-	-	-	-	-	mir::builder::control_flow::plan::parts::associated_source::located_parity_tests	C6:located-handoff	1	0	test-only	shared-retain	M11-R1	located source handoff (M11)
edge	edge:mir/builder/control_flow/plan/parts/associated_source/located_preflight	src/mir/builder/control_flow/plan/parts/associated_source/located_preflight.rs	-	-	-	-	-	-	-	-	-	-	-	-	-	-	mir::builder::control_flow::plan::parts::associated_source::located_preflight	C6:located-handoff	1	0	shared-infrastructure	shared-retain	M11-R1	located source handoff (M11)
edge	edge:mir/builder/control_flow/plan/parts/associated_source/raw_lowering	src/mir/builder/control_flow/plan/parts/associated_source/raw_lowering.rs	-	-	-	-	-	-	-	-	-	-	-	-	-	-	mir::builder::control_flow::plan::parts::associated_source::raw_lowering	C6:located-handoff	2	0	shared-infrastructure	shared-retain	M11-R1	located source handoff (M11)
edge	edge:mir/builder/control_flow/plan/parts/associated_source/raw_parity_tests	src/mir/builder/control_flow/plan/parts/associated_source/raw_parity_tests.rs	-	-	-	-	-	-	-	-	-	-	-	-	-	-	mir::builder::control_flow::plan::parts::associated_source::raw_parity_tests	C6:located-handoff	1	0	test-only	shared-retain	M11-R1	located source handoff (M11)
edge	edge:mir/builder/control_flow/plan/parts/associated_source_tests	src/mir/builder/control_flow/plan/parts/associated_source_tests.rs	-	-	-	-	-	-	-	-	-	-	-	-	-	-	mir::builder::control_flow::plan::parts::associated_source_tests	C6:located-handoff	1	0	test-only	shared-retain	M11-R1	located source handoff (M11)
edge	edge:mir/builder/control_flow/plan/recipe_tree/block	src/mir/builder/control_flow/plan/recipe_tree/block.rs	-	-	-	-	-	-	-	-	-	-	-	-	-	-	mir::builder::control_flow::plan::recipe_tree::block	C6:recipe-model	1	0	shared-infrastructure	shared-retain	retained	retained (RecipeBody/RecipeBlock model)
edge	edge:mir/builder/control_flow/recipes/body	src/mir/builder/control_flow/recipes/body.rs	-	-	-	-	-	-	-	-	-	-	-	-	-	-	mir::builder::control_flow::recipes::body	C6:recipe-model	1	0	shared-infrastructure	shared-retain	retained	retained (RecipeBody/RecipeBlock model)
edge	edge:mir/config/env/joinir_dev	src/mir/config/env/joinir_dev.rs	-	-	-	-	-	-	-	-	-	-	-	-	-	-	mir::config::env::joinir_dev	C6:env-flag-host	120	3	env-flag	shared-retain	M10b-I0-R0	retained (env registry; NYASH_JOINIR_LOWER_GENERIC flag removed at cutover)
edge	edge:mir/join_ir/lowering/canonical_names	src/mir/join_ir/lowering/canonical_names.rs	-	-	-	-	-	-	-	-	-	-	-	-	-	-	mir::join_ir::lowering::canonical_names	C6:separate-lowering	14	0	shared-infrastructure	shared-retain	retained	join_ir/lowering (retained)
edge	edge:mir/join_ir/lowering/carrier_info/carrier_info_impl	src/mir/join_ir/lowering/carrier_info/carrier_info_impl.rs	-	-	-	-	-	-	-	-	-	-	-	-	-	-	mir::join_ir::lowering::carrier_info::carrier_info_impl	C6:separate-lowering	1	0	shared-infrastructure	shared-retain	retained	join_ir/lowering (retained)
edge	edge:mir/join_ir/lowering/carrier_info/carrier_var	src/mir/join_ir/lowering/carrier_info/carrier_var.rs	-	-	-	-	-	-	-	-	-	-	-	-	-	-	mir::join_ir::lowering::carrier_info::carrier_var	C6:separate-lowering	1	0	shared-infrastructure	shared-retain	retained	join_ir/lowering (retained)
edge	edge:mir/join_ir/lowering/carrier_info/exit_meta	src/mir/join_ir/lowering/carrier_info/exit_meta.rs	-	-	-	-	-	-	-	-	-	-	-	-	-	-	mir::join_ir::lowering::carrier_info::exit_meta	C6:separate-lowering	1	0	shared-infrastructure	shared-retain	retained	join_ir/lowering (retained)
edge	edge:mir/join_ir/lowering/carrier_info/mod	src/mir/join_ir/lowering/carrier_info/mod.rs	-	-	-	-	-	-	-	-	-	-	-	-	-	-	mir::join_ir::lowering::carrier_info	C6:separate-lowering	30	3	shared-infrastructure	shared-retain	retained	join_ir/lowering (retained)
edge	edge:mir/join_ir/lowering/carrier_info/tests	src/mir/join_ir/lowering/carrier_info/tests.rs	-	-	-	-	-	-	-	-	-	-	-	-	-	-	mir::join_ir::lowering::carrier_info::tests	C6:separate-lowering	1	0	test-only	shared-retain	retained	join_ir/lowering (retained)
edge	edge:mir/join_ir/lowering/carrier_info/types	src/mir/join_ir/lowering/carrier_info/types.rs	-	-	-	-	-	-	-	-	-	-	-	-	-	-	mir::join_ir::lowering::carrier_info::types	C6:separate-lowering	1	0	shared-infrastructure	shared-retain	retained	join_ir/lowering (retained)
edge	edge:mir/join_ir/lowering/common	src/mir/join_ir/lowering/common.rs	-	-	-	-	-	-	-	-	-	-	-	-	-	-	mir::join_ir::lowering::common	C6:separate-lowering	5	0	shared-infrastructure	shared-retain	retained	join_ir/lowering (retained)
edge	edge:mir/join_ir/lowering/common/case_a	src/mir/join_ir/lowering/common/case_a.rs	-	-	-	-	-	-	-	-	-	-	-	-	-	-	mir::join_ir::lowering::common::case_a	C6:separate-lowering	1	0	shared-infrastructure	shared-retain	retained	join_ir/lowering (retained)
edge	edge:mir/join_ir/lowering/common/cfg_shape	src/mir/join_ir/lowering/common/cfg_shape.rs	-	-	-	-	-	-	-	-	-	-	-	-	-	-	mir::join_ir::lowering::common::cfg_shape	C6:separate-lowering	1	0	shared-infrastructure	shared-retain	retained	join_ir/lowering (retained)
edge	edge:mir/join_ir/lowering/common/dispatch	src/mir/join_ir/lowering/common/dispatch.rs	-	-	-	-	-	-	-	-	-	-	-	-	-	-	mir::join_ir::lowering::common::dispatch	C6:separate-lowering	1	0	shared-infrastructure	shared-retain	retained	join_ir/lowering (retained)
edge	edge:mir/join_ir/lowering/common/string_whitespace	src/mir/join_ir/lowering/common/string_whitespace.rs	-	-	-	-	-	-	-	-	-	-	-	-	-	-	mir::join_ir::lowering::common::string_whitespace	C6:separate-lowering	5	0	shared-infrastructure	shared-retain	retained	join_ir/lowering (retained)
edge	edge:mir/join_ir/lowering/common/target_adapter	src/mir/join_ir/lowering/common/target_adapter.rs	-	-	-	-	-	-	-	-	-	-	-	-	-	-	mir::join_ir::lowering::common::target_adapter	C6:separate-lowering	1	0	shared-infrastructure	shared-retain	retained	join_ir/lowering (retained)
edge	edge:mir/join_ir/lowering/condition_env	src/mir/join_ir/lowering/condition_env.rs	-	-	-	-	-	-	-	-	-	-	-	-	-	-	mir::join_ir::lowering::condition_env	C6:separate-lowering	5	1	shared-infrastructure	shared-retain	retained	join_ir/lowering (retained)
edge	edge:mir/join_ir/lowering/error_tags	src/mir/join_ir/lowering/error_tags.rs	-	-	-	-	-	-	-	-	-	-	-	-	-	-	mir::join_ir::lowering::error_tags	C6:separate-lowering	18	0	shared-infrastructure	shared-retain	retained	join_ir/lowering (retained)
edge	edge:mir/join_ir/lowering/exit_args_resolver	src/mir/join_ir/lowering/exit_args_resolver.rs	-	-	-	-	-	-	-	-	-	-	-	-	-	-	mir::join_ir::lowering::exit_args_resolver	C6:separate-lowering	2	0	shared-infrastructure	shared-retain	retained	join_ir/lowering (retained)
edge	edge:mir/join_ir/lowering/funcscanner_trim	src/mir/join_ir/lowering/funcscanner_trim.rs	-	-	-	-	-	-	-	-	-	-	-	-	-	-	mir::join_ir::lowering::funcscanner_trim	C6:separate-lowering	1	0	shared-infrastructure	shared-retain	retained	join_ir/lowering (retained)
edge	edge:mir/join_ir/lowering/funcscanner_trim/builder	src/mir/join_ir/lowering/funcscanner_trim/builder.rs	-	-	-	-	-	-	-	-	-	-	-	-	-	-	mir::join_ir::lowering::funcscanner_trim::builder	C6:separate-lowering	1	0	shared-infrastructure	shared-retain	retained	join_ir/lowering (retained)
edge	edge:mir/join_ir/lowering/funcscanner_trim/dispatch	src/mir/join_ir/lowering/funcscanner_trim/dispatch.rs	-	-	-	-	-	-	-	-	-	-	-	-	-	-	mir::join_ir::lowering::funcscanner_trim::dispatch	C6:separate-lowering	1	0	shared-infrastructure	shared-retain	retained	join_ir/lowering (retained)
edge	edge:mir/join_ir/lowering/funcscanner_trim/loop_step	src/mir/join_ir/lowering/funcscanner_trim/loop_step.rs	-	-	-	-	-	-	-	-	-	-	-	-	-	-	mir::join_ir::lowering::funcscanner_trim::loop_step	C6:separate-lowering	1	0	shared-infrastructure	shared-retain	retained	join_ir/lowering (retained)
edge	edge:mir/join_ir/lowering/funcscanner_trim/skip_leading	src/mir/join_ir/lowering/funcscanner_trim/skip_leading.rs	-	-	-	-	-	-	-	-	-	-	-	-	-	-	mir::join_ir::lowering::funcscanner_trim::skip_leading	C6:separate-lowering	1	0	shared-infrastructure	shared-retain	retained	join_ir/lowering (retained)
edge	edge:mir/join_ir/lowering/generic_case_a/entry_builder	src/mir/join_ir/lowering/generic_case_a/entry_builder.rs	-	-	-	-	-	-	-	-	-	-	-	-	-	-	mir::join_ir::lowering::generic_case_a::entry_builder	C6:separate-lowering	1	0	shared-infrastructure	shared-retain	retained	join_ir/lowering (retained)
edge	edge:mir/join_ir/lowering/generic_case_a/mod	src/mir/join_ir/lowering/generic_case_a/mod.rs	-	-	-	-	-	-	-	-	-	-	-	-	-	-	mir::join_ir::lowering::generic_case_a	C6:separate-lowering	2	0	shared-infrastructure	shared-retain	retained	join_ir/lowering (retained)
edge	edge:mir/join_ir/lowering/generic_case_a/skip_ws	src/mir/join_ir/lowering/generic_case_a/skip_ws.rs	-	-	-	-	-	-	-	-	-	-	-	-	-	-	mir::join_ir::lowering::generic_case_a::skip_ws	C6:separate-lowering	1	0	shared-infrastructure	shared-retain	retained	join_ir/lowering (retained)
edge	edge:mir/join_ir/lowering/generic_case_a/trim	src/mir/join_ir/lowering/generic_case_a/trim.rs	-	-	-	-	-	-	-	-	-	-	-	-	-	-	mir::join_ir::lowering::generic_case_a::trim	C6:separate-lowering	1	0	shared-infrastructure	shared-retain	retained	join_ir/lowering (retained)
edge	edge:mir/join_ir/lowering/generic_case_a/trim/skip_leading	src/mir/join_ir/lowering/generic_case_a/trim/skip_leading.rs	-	-	-	-	-	-	-	-	-	-	-	-	-	-	mir::join_ir::lowering::generic_case_a::trim::skip_leading	C6:separate-lowering	1	0	shared-infrastructure	shared-retain	retained	join_ir/lowering (retained)
edge	edge:mir/join_ir/lowering/inline_boundary/constructors	src/mir/join_ir/lowering/inline_boundary/constructors.rs	-	-	-	-	-	-	-	-	-	-	-	-	-	-	mir::join_ir::lowering::inline_boundary::constructors	C6:separate-lowering	1	0	shared-infrastructure	shared-retain	retained	join_ir/lowering (retained)
edge	edge:mir/join_ir/lowering/inline_boundary/mod	src/mir/join_ir/lowering/inline_boundary/mod.rs	-	-	-	-	-	-	-	-	-	-	-	-	-	-	mir::join_ir::lowering::inline_boundary	C6:separate-lowering	31	0	shared-infrastructure	shared-retain	retained	join_ir/lowering (retained)
edge	edge:mir/join_ir/lowering/inline_boundary/tests	src/mir/join_ir/lowering/inline_boundary/tests.rs	-	-	-	-	-	-	-	-	-	-	-	-	-	-	mir::join_ir::lowering::inline_boundary::tests	C6:separate-lowering	1	0	test-only	shared-retain	retained	join_ir/lowering (retained)
edge	edge:mir/join_ir/lowering/inline_boundary/types	src/mir/join_ir/lowering/inline_boundary/types.rs	-	-	-	-	-	-	-	-	-	-	-	-	-	-	mir::join_ir::lowering::inline_boundary::types	C6:separate-lowering	1	0	shared-infrastructure	shared-retain	retained	join_ir/lowering (retained)
edge	edge:mir/join_ir/lowering/inline_boundary_builder	src/mir/join_ir/lowering/inline_boundary_builder.rs	-	-	-	-	-	-	-	-	-	-	-	-	-	-	mir::join_ir::lowering::inline_boundary_builder	C6:separate-lowering	1	0	shared-infrastructure	shared-retain	retained	join_ir/lowering (retained)
edge	edge:mir/join_ir/lowering/inline_boundary_builder/tests	src/mir/join_ir/lowering/inline_boundary_builder/tests.rs	-	-	-	-	-	-	-	-	-	-	-	-	-	-	mir::join_ir::lowering::inline_boundary_builder::tests	C6:separate-lowering	1	0	test-only	shared-retain	retained	join_ir/lowering (retained)
edge	edge:mir/join_ir/lowering/join_value_space	src/mir/join_ir/lowering/join_value_space.rs	-	-	-	-	-	-	-	-	-	-	-	-	-	-	mir::join_ir::lowering::join_value_space	C6:separate-lowering	5	0	shared-infrastructure	shared-retain	retained	join_ir/lowering (retained)
edge	edge:mir/join_ir/lowering/loop_form_intake	src/mir/join_ir/lowering/loop_form_intake.rs	-	-	-	-	-	-	-	-	-	-	-	-	-	-	mir::join_ir::lowering::loop_form_intake	C6:separate-lowering	3	1	shared-infrastructure	shared-retain	retained	join_ir/lowering (retained)
edge	edge:mir/join_ir/lowering/loop_route_validator	src/mir/join_ir/lowering/loop_route_validator.rs	-	-	-	-	-	-	-	-	-	-	-	-	-	-	mir::join_ir::lowering::loop_route_validator	C6:separate-lowering	2	0	shared-infrastructure	shared-retain	retained	join_ir/lowering (retained)
edge	edge:mir/join_ir/lowering/loop_scope_shape/builder	src/mir/join_ir/lowering/loop_scope_shape/builder.rs	-	-	-	-	-	-	-	-	-	-	-	-	-	-	mir::join_ir::lowering::loop_scope_shape::builder	C6:separate-lowering	1	0	shared-infrastructure	shared-retain	retained	join_ir/lowering (retained)
edge	edge:mir/join_ir/lowering/loop_scope_shape/case_a	src/mir/join_ir/lowering/loop_scope_shape/case_a.rs	-	-	-	-	-	-	-	-	-	-	-	-	-	-	mir::join_ir::lowering::loop_scope_shape::case_a	C6:separate-lowering	1	0	shared-infrastructure	shared-retain	retained	join_ir/lowering (retained)
edge	edge:mir/join_ir/lowering/loop_scope_shape/case_a_lowering_shape	src/mir/join_ir/lowering/loop_scope_shape/case_a_lowering_shape.rs	-	-	-	-	-	-	-	-	-	-	-	-	-	-	mir::join_ir::lowering::loop_scope_shape::case_a_lowering_shape	C6:separate-lowering	1	0	shared-infrastructure	shared-retain	retained	join_ir/lowering (retained)
edge	edge:mir/join_ir/lowering/loop_scope_shape/context	src/mir/join_ir/lowering/loop_scope_shape/context.rs	-	-	-	-	-	-	-	-	-	-	-	-	-	-	mir::join_ir::lowering::loop_scope_shape::context	C6:separate-lowering	1	0	shared-infrastructure	shared-retain	retained	join_ir/lowering (retained)
edge	edge:mir/join_ir/lowering/loop_scope_shape/mod	src/mir/join_ir/lowering/loop_scope_shape/mod.rs	-	-	-	-	-	-	-	-	-	-	-	-	-	-	mir::join_ir::lowering::loop_scope_shape	C6:separate-lowering	16	2	shared-infrastructure	shared-retain	retained	join_ir/lowering (retained)
edge	edge:mir/join_ir/lowering/loop_scope_shape/shape	src/mir/join_ir/lowering/loop_scope_shape/shape.rs	-	-	-	-	-	-	-	-	-	-	-	-	-	-	mir::join_ir::lowering::loop_scope_shape::shape	C6:separate-lowering	1	0	shared-infrastructure	shared-retain	retained	join_ir/lowering (retained)
edge	edge:mir/join_ir/lowering/loop_scope_shape/structural	src/mir/join_ir/lowering/loop_scope_shape/structural.rs	-	-	-	-	-	-	-	-	-	-	-	-	-	-	mir::join_ir::lowering::loop_scope_shape::structural	C6:separate-lowering	1	0	shared-infrastructure	shared-retain	retained	join_ir/lowering (retained)
edge	edge:mir/join_ir/lowering/loop_scope_shape/tests	src/mir/join_ir/lowering/loop_scope_shape/tests.rs	-	-	-	-	-	-	-	-	-	-	-	-	-	-	mir::join_ir::lowering::loop_scope_shape::tests	C6:separate-lowering	1	0	test-only	shared-retain	retained	join_ir/lowering (retained)
edge	edge:mir/join_ir/lowering/loop_to_join/case_a_entrypoints	src/mir/join_ir/lowering/loop_to_join/case_a_entrypoints.rs	-	-	-	-	-	-	-	-	-	-	-	-	-	-	mir::join_ir::lowering::loop_to_join::case_a_entrypoints	C6:separate-lowering	1	0	shared-infrastructure	shared-retain	retained	join_ir/lowering (retained)
edge	edge:mir/join_ir/lowering/loop_to_join/core	src/mir/join_ir/lowering/loop_to_join/core.rs	-	-	-	-	-	-	-	-	-	-	-	-	-	-	mir::join_ir::lowering::loop_to_join::core	C6:separate-lowering	1	0	shared-infrastructure	shared-retain	retained	join_ir/lowering (retained)
edge	edge:mir/join_ir/lowering/loop_to_join/mod	src/mir/join_ir/lowering/loop_to_join/mod.rs	-	-	-	-	-	-	-	-	-	-	-	-	-	-	mir::join_ir::lowering::loop_to_join	C6:separate-lowering	3	0	shared-infrastructure	shared-retain	retained	join_ir/lowering (retained)
edge	edge:mir/join_ir/lowering/loop_update_analyzer	src/mir/join_ir/lowering/loop_update_analyzer.rs	-	-	-	-	-	-	-	-	-	-	-	-	-	-	mir::join_ir::lowering::loop_update_analyzer	C6:separate-lowering	3	0	shared-infrastructure	shared-retain	retained	join_ir/lowering (retained)
edge	edge:mir/join_ir/lowering/loop_update_analyzer/tests	src/mir/join_ir/lowering/loop_update_analyzer/tests.rs	-	-	-	-	-	-	-	-	-	-	-	-	-	-	mir::join_ir::lowering::loop_update_analyzer::tests	C6:separate-lowering	1	0	test-only	shared-retain	retained	join_ir/lowering (retained)
edge	edge:mir/join_ir/lowering/loop_view_builder	src/mir/join_ir/lowering/loop_view_builder.rs	-	-	-	-	-	-	-	-	-	-	-	-	-	-	mir::join_ir::lowering::loop_view_builder	C6:separate-lowering	2	0	shared-infrastructure	shared-retain	retained	join_ir/lowering (retained)
edge	edge:mir/join_ir/lowering/mod	src/mir/join_ir/lowering/mod.rs	-	-	-	-	-	-	-	-	-	-	-	-	-	-	mir::join_ir::lowering	C6:separate-lowering	100	6	shared-infrastructure	shared-retain	retained	join_ir/lowering (retained)
edge	edge:mir/join_ir/lowering/simple_while_minimal	src/mir/join_ir/lowering/simple_while_minimal.rs	-	-	-	-	-	-	-	-	-	-	-	-	-	-	mir::join_ir::lowering::simple_while_minimal	C6:separate-lowering	1	0	shared-infrastructure	shared-retain	retained	join_ir/lowering (retained)
edge	edge:mir/join_ir/lowering/skip_ws	src/mir/join_ir/lowering/skip_ws.rs	-	-	-	-	-	-	-	-	-	-	-	-	-	-	mir::join_ir::lowering::skip_ws	C6:separate-lowering	1	0	shared-infrastructure	shared-retain	retained	join_ir/lowering (retained)
edge	edge:mir/join_ir/lowering/skip_ws/builder	src/mir/join_ir/lowering/skip_ws/builder.rs	-	-	-	-	-	-	-	-	-	-	-	-	-	-	mir::join_ir::lowering::skip_ws::builder	C6:separate-lowering	1	0	shared-infrastructure	shared-retain	retained	join_ir/lowering (retained)
edge	edge:mir/join_ir/lowering/skip_ws/generic_probe	src/mir/join_ir/lowering/skip_ws/generic_probe.rs	-	-	-	-	-	-	-	-	-	-	-	-	-	-	mir::join_ir::lowering::skip_ws::generic_probe	C6:separate-lowering	1	0	shared-infrastructure	shared-retain	retained	join_ir/lowering (retained)
edge	edge:mir/join_ir/lowering/type_inference	src/mir/join_ir/lowering/type_inference.rs	-	-	-	-	-	-	-	-	-	-	-	-	-	-	mir::join_ir::lowering::type_inference	C6:separate-lowering	1	0	shared-infrastructure	shared-retain	retained	join_ir/lowering (retained)
edge	edge:mir/join_ir/lowering/value_id_ranges	src/mir/join_ir/lowering/value_id_ranges.rs	-	-	-	-	-	-	-	-	-	-	-	-	-	-	mir::join_ir::lowering::value_id_ranges	C6:separate-lowering	3	1	shared-infrastructure	shared-retain	retained	join_ir/lowering (retained)
edge	edge:mir/loop_route_policy/mod	src/mir/loop_route_policy/mod.rs	-	-	-	-	-	-	-	-	-	-	-	-	-	-	mir::loop_route_policy	C6:route-policy	23	10	shared-infrastructure	shared-retain	retained	retained (non-Generic route policy)
